label	addr	ported_namematch	subsystem
SFREE_L	$0afb28	True	other
SR8_ACHASE_ALVAR1	$1fd876	True	ported
SR8_ACHASE_ALVAR2	$1fd8a2	True	ported
SR8_ACHASE_ALVAR3	$1fd8d5	True	ported
SR8_ACHASE_ALVAR4	$1fd90f	True	ported
SR8_ACHASE_ALVAR5	$1fd950	True	ported
SR8_ACHASE_ALVAR6	$1fd998	True	ported
SR8_ACHASE_ALVAR7	$1fd9e7	True	ported
ADD2POSOBJYFOBJX_L	$1fd490	True	other
ADD_OBJVECS_L	$1fd009	True	math_helper
ADDVECS0_L	$1fc7bb	True	math_helper
ADDVECS2_L	$1fc7b1	True	ported
ADDVECS4_L	$1fc7a1	True	math_helper
ADDALVECS_L	$1fc7d3	True	ported
ADDVECS_L	$1fc7b9	True	ported
ADDRND2POSXYZ2_SROU	$06b299	True	ported
ADDRND2POSY_SROU	$06b260	True	ported
ADDYROT2Z_SROU	$088131	True	ported
FACEFIRE	$04d8f2	True	ported
FACEPLAYER_STRAT	$218b5b	True	ported
DEADFLINGBOSS_ISTRAT	$09b26d	True	ported
AVAIL_L	$0af941	True	other
FADEWHITE2NORM_L	$02fa55	True	ported
FADEWHITE_L	$02f880	True	ported
FADETOSEADO	$03e339	True	ported
FADELINES	$03c092	True	structural
FADETABLE	$03ca69	True	other
FADERED_L	$02f305	True	other
FADEWHITE	$02f884	True	ported
FADELINES2	$03c092	True	structural
FADECHARSIN	$03c094	True	structural
FADEWHITE2NORM	$02fa59	True	ported
FADECOL0	$03c06d	True	other
FADETAB0	$03c829	True	other
FADEHALF2NORM	$02ec53	True	other
FADEPALTO_L	$02f23d	True	ported
FADETOGROUNDDO	$03e353	True	ported
CHASE_INIT	$04d8a2	True	ported
FADETONORM_L	$218b96	True	other
CHANGEVIEWMODE_L	$21ba93	True	ported
BLACKHOLEEXIT_ISTRAT	$0a928f	True	ported
BLACKHOLE_ISTRAT	$0addfe	True	ported
MYSHIP_L	$00bbd3	True	ported
MYSHIP_L	$11f0e6	True	ported
CALCTOTALSCORE	$02e498	True	ported
CALCMETERS	$02d8f6	True	ported
CALCBG2VOFFSETS	$02d746	True	render_dma
CALCTOTALSCORE_L	$02e494	True	ported
CALCBG2VOFFSETS_L	$02d742	True	render_dma
CALCDXDY	$03bde9	True	math_helper
CALCSTAGEPERC	$02e7ad	True	ported
CALCBGSCROLL_L	$21bb5a	True	ported
CALCTEAMDAMAGE_L	$21bb24	True	ported
BARRIER_ISTRAT	$09cb7b	True	ported
CLASTEROID_STRAT	$0af915	True	ported
CLASTEROID_ISTRAT	$0af8ee	True	ported
BASE_1_ISTRAT	$2099d1	True	ported
BASE0_STRAT	$0a8857	True	ported
BASE1_STRAT	$0a88cd	True	ported
BASE0_ISTRAT	$0a8817	True	ported
BASE1_ISTRAT	$0a88a8	True	ported
BASE0B_STRAT	$0a8881	True	ported
MCALCPERC	$01b6b2	True	ported
MCALC_CIRCLE	$01aad7	True	ported
CAM2HIDE_INIT	$08b9a5	True	ported
CAM2HIDE_STRAT	$08b9c3	True	ported
CAMELEON2_STRAT	$08b959	True	ported
CAM2DASH_STRAT	$08ba1a	True	ported
CAMELEON2_ISTRAT	$08b937	True	ported
CAMELEON2_CONT	$08b9a0	True	ported
CAM2DASH_INIT	$08ba0d	True	ported
CAMELEON_STRAT	$0995c0	True	ported
CAMELEON_ISTRAT	$09959d	True	ported
HEADFIRE_ISTRAT	$09f7f0	True	ported
BEE1A_INIT	$08e52e	True	ported
BEE1_ISTRAT	$08e332	True	ported
BEE1B_INIT	$08e5ca	True	ported
BEE1_STRAT	$08e371	True	ported
BEE1A_STRAT	$08e541	True	ported
BEE1B_STRAT	$08e5d7	True	ported
DMABG2VOFFSETS	$02d7d8	True	render_dma
DMA256SCREEN	$03bcab	True	render_dma
DMAHPOS	$02d8af	True	render_dma
DMABG2VOFFSETS_L	$02d7ce	True	render_dma
DMA256SCREEN_FAST	$03bd99	True	render_dma
DAMENEMYSOUND_L	$249116	True	ported
DMA_SPRITES_L	$03dc66	True	render_dma
DMAHPOS_L	$02d8ab	True	render_dma
DMAPEPPERSCREEN	$03bc81	True	render_dma
DAMYSCR_ISTRAT	$09f8fd	True	ported
MADBIKER_ISTRAT	$09c15c	True	ported
MADTRUCKER_ISTRAT	$09c55e	True	ported
BAZOOKA_STRAT	$0abfb5	True	ported
BAZOOKA1R_ISTRAT	$0abf2f	True	ported
BAZOOKAL_ISTRAT	$0abf45	True	ported
BAZFALL_STRAT	$0ac208	True	ported
BAZEXP_ISTRAT	$0ac1b9	True	ported
BAZOOKAR_ISTRAT	$0abf4b	True	ported
BAZFALL_ISTRAT	$0ac1f1	True	ported
BAZOOKA1L_ISTRAT	$0abf29	True	ported
ARCTAN16_L	$02f854	True	other
CRABB_STRAT	$08c680	True	ported
CRABT_ISTRAT	$08c4f8	True	ported
CRABL_STRAT	$08c6c7	True	ported
CRABB_INIT	$08c66f	True	other
CRABR_STRAT	$08c747	True	ported
CRABL_ISTRAT	$08c4ca	True	ported
CRABT_STRAT	$08c6fe	True	ported
CRABL_INIT	$08c6b6	True	other
CRABR_INIT	$08c736	True	other
CRABT_INIT	$08c6ed	True	other
CRAB_CONT	$08c562	True	other
CRAB_INIT	$08c551	True	other
CRABB_ISTRAT	$08c49c	True	ported
CRABR_ISTRAT	$08c526	True	ported
CARRIER_STRAT	$0a864c	True	ported
CARRIER_ISTRAT	$0a862d	True	ported
CARRIERB_ISTRAT	$0a868f	True	ported
CARRIERC_ISTRAT	$0a875b	True	ported
CRANE0_STRAT	$0ab916	True	ported
CRANE0COL_ISTRAT	$0aba15	True	ported
CARRIERB_STRAT	$0a86a4	True	ported
CARRIERC_STRAT	$0a8768	True	ported
CRANE0_ISTRAT	$0ab885	True	ported
CASTBIT_ISTRAT.HIT	$09d305	True	ported
CASTANET_ISTRAT	$09cc5c	True	ported
CASTBIT_ISTRAT	$09d27d	True	ported
DEC_L	$03ab5e	True	ported
DEC_BG3_L	$03ab40	True	structural
DEC_CHR_L	$03ab0b	True	structural
DEC_BG_L	$03ab22	True	structural
ELASER_STRAT	$21a02e	True	ported
ELASER_ISTRAT	$219fff	True	ported
ELASER2DIE_STRAT	$21a0bb	True	ported
ELASER2DIE_ISTRAT	$21a068	True	ported
LEAF_ISTRAT	$09a39f	True	ported
PDAMYSCR.SCR_ROT	$04c52a	True	ported
WORMGO_INIT	$08cc8e	True	ported
WORM2_ISTRAT	$08ccd3	True	ported
WORMEXP_ISTRAT	$08cc11	True	ported
WORMGO_STRAT	$08cca8	True	ported
WORMHEADEXP_ISTRAT	$08cc24	True	ported
WORM2_STRAT	$08cd11	True	ported
WORM_ISTRAT	$08cb0a	True	ported
WORM_INIT	$08cb31	True	ported
WORM_STRAT	$08cb4d	True	ported
WORMSPLIT_INIT	$08cc30	True	ported
WORMSPLIT_STRAT	$08cc7b	True	ported
WORMHEAD_ISTRAT	$08cac9	True	ported
FLASHTURQ_L	$02f95b	True	ported
FLASHTURQ2_L	$02f98b	True	ported
DRAWLINESBITBYBIT	$03c0df	True	render_dma
DRAWSOME3D	$03dbb8	True	render_dma
DRAWROUTENAME	$03bb9d	True	ported
DRAWSELECTEDPLANET	$03be74	True	render_dma
DRAWPLANETLINES_L	$03c15c	True	ported
DRAWPLANETSPRITES	$03bf99	True	ported
DRAWPLANETINCENTRE	$03bf3a	True	render_dma
FLASHRED_L	$02f9bb	True	ported
FLASH_STRAT	$21b717	True	ported
FLASH_ISTRAT	$21b6e8	True	ported
FLATMISS_ISTRAT	$219c6a	True	ported
FLATMISS_STRAT	$219c97	True	ported
RADER0_STRAT	$08b1bb	True	ported
RADER0_ISTRAT	$08b196	True	ported
FLASHPLAYER_ISTRAT	$08e263	True	ported
RADER1_ISTRAT	$08b18c	True	ported
FLASHPLAYER_STRAT	$08e285	True	ported
FALLOVER_STRAT	$099001	True	ported
FALLINGTRUCK_ISTRAT	$09d489	True	ported
DRAGONFLY_STRAT	$0acc81	True	ported
DRAGONFLY_ISTRAT	$0acc4c	True	ported
ZACOINTRO_ISTRAT	$078ec1	True	ported
ZACO2INTRO_ISTRAT	$078f8d	True	ported
ZACOINTRO_STRAT	$078f08	True	ported
ZACO2INTRO_STRAT	$078fbd	True	ported
ZACO2LOOP_STRAT	$08b0f3	True	ported
ZACOS2_INIT	$08ad17	True	ported
ZACOS3_INIT	$08ad70	True	ported
ZACOS4_INIT	$08ade8	True	ported
ZACO2DASH_STRAT	$08b159	True	ported
ZACO1_CONT	$08b31f	True	ported
ZACO2_CONT	$08b047	True	ported
ZACO2_INIT	$08af93	True	ported
ZACO1A_INIT	$08b36a	True	ported
ZACO1B_INIT	$08b399	True	ported
ZACO2LOOP_INIT	$08b08c	True	ported
ZACO1L_ISTRAT	$08b1c3	True	ported
ZACO2DASH_INIT	$08b148	True	ported
ZACO2_ISTRAT	$08af4f	True	ported
ZACOS2_STRAT	$08ad51	True	ported
ZACOS3_STRAT	$08ad84	True	ported
ZACOS_ISTRAT	$08ac83	True	ported
ZACOS4_STRAT	$08adf5	True	ported
ZACO1_STRAT	$08b24f	True	ported
ZACO1R_ISTRAT	$08b1d3	True	ported
ZACO2_STRAT	$08afa4	True	ported
ZACOS_CONT	$08acfc	True	ported
ZACOS_STRAT	$08acc6	True	ported
ZACO1A_STRAT	$08b37d	True	ported
ZACO1B_STRAT	$08b3a6	True	ported
ZACO3CIRCLE_STRAT	$0a81dd	True	ported
ZACO7_STRAT	$0abe3f	True	ported
ZACO3GO_INIT	$0a8371	True	ported
ZACO3DIE_STRAT	$0a8315	True	ported
ZACO34_ISTRAT	$0a805d	True	ported
ZACO3GO_STRAT	$0a8393	True	ported
ZACO3DIE_ISTRAT	$0a8300	True	ported
ZACO0C2_ISTRAT	$0a85c0	True	ported
ZACO0_ISTRAT	$0a8485	True	ported
ZACO3_ISTRAT	$0a8031	True	ported
ZACO4_ISTRAT	$0a8000	True	ported
ZACO0B_ISTRAT	$0a8500	True	ported
ZACO0_STRAT	$0a84b6	True	ported
ZACO0C_ISTRAT	$0a8526	True	ported
ZACO0D_ISTRAT	$0a85e6	True	ported
ZACO3_STRAT	$0a80a7	True	ported
ZACO0B_STRAT	$0a850d	True	ported
ZACO7_ISTRAT	$0abe26	True	ported
ZACO0C_STRAT	$0a85cd	True	ported
ZACO0D_STRAT	$0a85f3	True	ported
TADPOLE_STRAT	$0aef0d	True	ported
TADPOLE_ISTRAT	$0aeed6	True	ported
READ_JOYPAD_L	$03c119	True	other
READ_JOYPADT_L	$03c106	True	other
GAMEOVER_L	$02e0b4	True	ported
GAMECLIPWINDOW_L	$02ef5d	True	other
GAMEOVERINIT_L	$21bbd8	True	other
SEAMON_STRAT	$08c89d	True	ported
SEAMON_ISTRAT	$08c850	True	ported
SEADRAGON_ISTRAT	$0999a9	True	ported
SEADRAGON2_ISTRAT	$0999a5	True	ported
SEARCHMETEOR_ISTRAT	$099285	True	ported
SEADRAGON_ISTRAT2	$0999f7	True	ported
PFADEINTOTAL	$04ec43	True	structural
HALFD_ISTRAT	$0af652	True	ported
HALFD_STRAT	$0af66b	True	ported
ANGLEXY_OFF_L	$1fcf33	True	structural
ANGLEXY_L	$1fd039	True	ported
ANGLEXY_ABS_L	$1fcf5b	True	ported
NOTHING_ISTRAT	$09be42	True	ported
ALIENFLAGS_L	$02f062	True	ported
EVADERA_STRAT	$08bb1c	True	ported
EVADER_CONT	$08bd3c	True	ported
EVADER_INIT	$08bc56	True	ported
EVADER_STRAT	$08bc63	True	ported
EVADER_ISTRAT	$08bafa	True	ported
FOX_SPRITES_L	$03dcdb	True	render_dma
FOXYTRANS_L	$03db8b	True	other
FOXY_CONTINUE_L	$03d7e0	True	other
FASTPARTICLEEXPLODE_STRAT	$06bb7c	True	ported
FASTEXPLODEDEBRIS_ISTRAT	$06b450	True	ported
FASTPARTICLEEXPLODE_ISTRAT	$06bb46	True	ported
FASTFIGHTER1_STRAT	$08e8cf	True	ported
FASTFIGHTER3_ISTRAT	$08e9ad	True	ported
FASTFIGHTER2_STRAT	$08ea4b	True	ported
FASTFIGHTER3_STRAT	$08e9c6	True	ported
FASTFIGHTER_INIT	$08ea9e	True	ported
FASTFIGHTER1_ISTRAT	$08e8b6	True	ported
FASTFIGHTER2_ISTRAT	$08ea36	True	ported
WEAPCOLLIDE_ISTRAT	$2187c9	True	ported
CHECKBONUS	$02eb49	True	ported
CHECKIFIAMEND	$02e348	True	other
DOBGREQ_L	$03e942	True	other
DEFELASERCOL_ISTRAT	$2188a0	True	ported
DOBOSSROTX4_SROU	$088097	True	ported
DOBOSS2ROT_SROU	$0899f2	True	ported
DOBOSSROT_SROU	$088000	True	ported
CHECKARROWS_SROU	$0be9c6	True	ported
BIG_METEOR_ISTRAT	$209a94	True	ported
BIGWHITEFOSPRITE_L	$06b0f4	True	ported
BIGPARTICLEEXPLODE_STRAT	$06bbcb	True	ported
BIGPARTICLEEXPLODE_ISTRAT	$06bb95	True	ported
BIGEXPLODE_ISTRAT	$06b3c9	True	ported
CUBEEXP_STRAT	$098747	True	ported
CUBEFALL_ISTRAT	$0986c4	True	ported
CUBEFALL_STRAT	$0986ff	True	ported
CUBECOLL_STRAT	$09874c	True	ported
BEMOTHER_L	$03ef61	True	ported
COCKSHIPOUT_STRAT	$0bcf95	True	ported
COCKPITOUT_STRAT	$0bd021	True	ported
COCKPIT_STRAT	$0bcc61	True	ported
COCKPIT_ISTRAT	$0bcc46	True	ported
COCKDUMPL_ISTRAT	$0bcb94	True	ported
COCKDUMPL_STRAT	$0bcbc1	True	ported
COCKPITOUT_ISTRAT	$0bcffc	True	ported
COCKSHIPOUT_ISTRAT	$0bcf67	True	ported
GATE_STRAT	$099816	True	ported
DGEN3DVECS	$098272	True	ported
DGENVECS	$098285	True	math_helper
GATE_ISTRAT	$0997d6	True	ported
GATE2_ISTRAT	$0ae8af	True	ported
GATE3_ISTRAT	$0ae80f	True	ported
GATE2_STRAT	$0ae8c8	True	ported
GATE3_STRAT	$0ae82f	True	ported
MAKETOTALSCORE	$02e354	True	map_menu
MAKETOTALSCORE2	$02e4cd	True	map_menu
MAKENUMP	$02e5d0	True	other
MAKENUMT	$02e5cb	True	other
MAKEOBJ_L	$1fd3c1	True	ported
MAKEBG2BLACK_L	$02f352	True	ported
MAKEENDOBJ	$02e668	True	other
MAKESND	$249246	True	ported
MAKEENDOBJN2	$02e6fc	True	other
MAKEENDOBJ2	$02e701	True	other
MAKEENDOBJN	$02e663	True	other
MAKELEXPOBJ_SROU	$06b1d8	True	ported
MAKEFOLEXPOBJ_SROU	$06b205	True	ported
MAKEMEDEXPOBJ_SROU	$06b1e7	True	ported
MAKESMLEXPOBJ_SROU	$06b1f6	True	ported
MAKEEXPOBJ_SROU	$06b214	True	ported
MAKEPOLLEN_SROU_L	$06bcbb	True	ported
MAKEBOSSCIRCEXP_SROU	$06aefe	True	ported
MAKEFIRE_SROU_L	$218e3f	True	ported
MAKEENGINE_SROU_L	$21916f	True	ported
MAKESMOKE_SROU_L	$218eaa	True	ported
MAKESPLASH_SROU_L	$218c33	True	ported
MAKESSPLASH_SROU_L	$218c1c	True	ported
MAKEESCAPEE_ICONT	$06b494	True	ported
MAKELEFTEYEEXP_SROU	$07f1e2	True	ported
MAKERIGHTEYEEXP_SROU	$07f2e5	True	ported
KAMI_CONT	$08c349	True	ported
KAMI_ISTRAT	$08c2a5	True	ported
KAMIDIE_ISTRAT	$08c352	True	ported
KAMIGO_STRAT	$08c3d0	True	ported
KAMIGO_INIT	$08c3bf	True	ported
KAMI_STRAT	$08c2e5	True	ported
KAMIDIE_STRAT	$08c367	True	ported
MAKESDRAG_SROU	$0acd44	True	ported
MAKEALLMEDPSPEED	$0bd319	True	ported
HARD_ISTRAT	$21859b	True	ported
HARD180YRNZR_ISTRAT	$2185b1	True	ported
HARDENEMY1_ISTRAT	$218595	True	ported
HARDROT_STRAT	$218616	True	ported
HARD180YR_ISTRAT	$2185bb	True	ported
HARDROT_ISTRAT	$2185fb	True	ported
HARD90YR_ISTRAT	$0a878c	True	ported
HARD90YRFOG_ISTRAT	$0a87a6	True	ported
HARD180YRFOG_ISTRAT	$0a87c0	True	ported
ALLOC_L	$0afa82	True	other
SHARKA_INIT	$08c216	True	ported
SHARK_ISTRAT	$08c0e1	True	ported
SHARK_CONT2	$08c168	True	ported
SHARK_STRAT	$08c11c	True	ported
SHARK_CONT	$08c1fb	True	ported
SHARKA_STRAT	$08c236	True	ported
LMARKEXPLODE_ISTRAT	$06b39b	True	ported
FZACO_STRAT	$08a93a	True	ported
FZACO2_INIT	$08a94e	True	ported
FZACO3_INIT	$08aa3b	True	ported
FZACO_CONT	$08aa83	True	ported
FZACO2_STRAT	$08a95f	True	ported
FZACO_CONT2	$08ab14	True	ported
FZACO3_STRAT	$08aa4e	True	ported
FZACO_ISTRAT	$08a8f0	True	ported
PBEAM_STRAT	$21a17a	True	ported
PBEAM_ISTRAT	$21a10f	True	ported
AIRSHIP_ISTRAT	$09e124	True	ported
AIRCAR1_STRAT	$0ae0ba	True	ported
AIRCAR2_STRAT	$0ae15d	True	ported
AIRCAR3_STRAT	$0ae269	True	ported
AIRCAR4_STRAT	$0ae3bd	True	ported
AIRCAR5_STRAT	$0ae4b2	True	ported
AIRCAR1_ISTRAT	$0ae082	True	ported
AIRCAR2_ISTRAT	$0ae129	True	ported
AIRCAR3_ISTRAT	$0ae22b	True	ported
AIRCAR4_ISTRAT	$0ae387	True	ported
AIRCAR5_ISTRAT	$0ae470	True	ported
NALVELVECS_L	$1fc189	True	math_helper
NALVEL3VECS_L	$1fc428	True	math_helper
MMAKE_PARTICLES	$01d1a8	True	render_dma
MMARKEXPLODE_ISTRAT	$06b36d	True	ported
MISSILESOUND_L	$249146	True	ported
MISSILE2A_STRAT	$219d9a	True	ported
MISSCOL_ISTRAT	$218a0b	True	ported
MISSILE1_ISTRAT	$219cc4	True	ported
MISSILE2_ISTRAT	$219d68	True	ported
MISSILE1_STRAT	$219ce7	True	ported
MISSTANK_ISTRAT	$08b697	True	ported
MISSPOD_STRAT	$08e649	True	ported
MISSTANKEXP_ISTRAT	$08b67a	True	ported
MISSPODA_STRAT	$08e681	True	ported
MISSGO_ISTRAT	$08b7b8	True	ported
MISSTANK_STRAT	$08b720	True	ported
MISSPODA_INIT	$08e66e	True	ported
MISSPOD_ISTRAT	$08e60a	True	ported
PKANI_SHOT.SHOOT_FIRE	$04c190	True	structural
BREAK_METEORT_ISTRAT	$209aec	True	ported
BREAK_METEOR_ISTRAT	$209ad7	True	ported
CLEARMAP_L	$1fd3f8	True	ported
CLEARHVOFS_L	$02ef92	True	other
CLEARSPRITES_L	$03dc52	True	render_dma
CLEARREALOBJMAP_L	$1fd415	True	ported
REBELASERCOL_ISTRAT	$218822	True	ported
PLANETDMAPOS1	$038000	True	structural
PLANETDMAPOS2	$038002	True	structural
PLAYERSND	$248d4c	True	ported
PLANETSEQ_L	$03b2f1	True	ported
PALGOTO_L	$02f25f	True	render_dma
PLANET_ROTZ	$03bad1	True	math_helper
PLAYERBEAMDIE_ISTRAT	$21a22c	True	ported
PLAYERDOWNINTRO_CONT	$078a59	True	ported
PLAYERDOWNINTRO_ISTRAT	$0788e6	True	ported
PLAYERDOWN2INTRO_ISTRAT	$078a8c	True	ported
PLAYERDOWN3INTRO_ISTRAT	$078b37	True	ported
PLAYERFIREINTRO_ISTRAT	$078be2	True	ported
PLAYERDOWNINTRO_STRAT	$07892f	True	ported
PLAYERDOWN2INTRO_STRAT	$078acb	True	ported
PLAYERDOWN3INTRO_STRAT	$078b76	True	ported
PLAYERFIREINTRO_STRAT	$078bf9	True	ported
PLAYERCLEARBRIDGE3_STRAT	$0b941b	True	ported
PLAYEROPENINGBOOST_INIT	$0b81c4	True	ported
PLAYERINTOLB1A_ISTRAT	$0b925c	True	ported
PLAYERCLEARBRIDGE_ISTRAT	$0b9350	True	ported
PLAYERUNDER2_STRAT	$0ba218	True	ported
PLAYERONBRIDGE_ISTRAT	$0bbe60	True	ported
PLAYERCHASE2_INIT	$0ba0e7	True	ported
PLAYERSTART_INIT_L	$0bd2f1	True	ported
PLAYERCLEARBRIDGE_STRAT	$0b93a2	True	ported
PLAYERONBRIDGE_STRAT	$0bbf54	True	ported
PLAYERCLEARDEMO2_STRAT	$0b9634	True	ported
PLAYERCLEARUNDER_ISTRAT	$0ba127	True	ported
PLAYERCLEARUNDER_STRAT	$0ba181	True	ported
PLAYERUNDERGND_ISTRAT	$0bbc27	True	ported
PLAYERESCAPENUCLEUS2_INIT	$0b948a	True	ported
PLAYEREXITBASEFOLLOW_INIT	$0b90c2	True	ported
PLAYEROUTOFLB2A_STRAT	$0ba695	True	ported
PLAYEROPENINGBOOST_STRAT	$0b820d	True	ported
PLAYERINTUNNEL_STRAT	$0bbf7b	True	ported
PLAYERINTOLB1_ISTRAT	$0b92b3	True	ported
PLAYERCLEARDEMO_ISTRAT	$0b9561	True	ported
PLAYEROUTOFLB2A_ISTRAT	$0ba64b	True	ported
PLAYERTOCSLOW_ISTRAT	$0baace	True	ported
PLAYERCRED_STRAT	$0bb6ec	True	ported
PLAYERINTEXIT_STRAT	$0bc546	True	ported
PLAYERTOMIDDLE1_SROU_L	$0baaef	True	ported
PLAYERTUNNELTOONPLANET_ISTRAT	$0b8810	True	ported
PLAYERONPLANET_ISTRAT	$0bbb05	True	ported
PLAYERINLTUNNEL_ISTRAT	$0bc1e0	True	ported
PLAYERCLEAREARTH_STRAT	$0b97ae	True	ported
PLAYERCHASE2_STRAT	$0ba10e	True	ported
PLAYERWARP_STRAT	$0ba28a	True	ported
PLAYERINMTUNNEL_ISTRAT	$0bc10e	True	ported
PLAYERINSTUNNEL_ISTRAT	$0bc03c	True	ported
PLAYERCRED_ISTRAT	$0bb568	True	ported
PLAYERINLTEXIT_ISTRAT	$0bc530	True	ported
PLAYERINTUNNEL_ISTRAT	$0bc299	True	ported
PLAYERWARP1_STRAT	$0ba491	True	ported
PLAYERCLEARTURN2_INIT	$0b9e04	True	ported
PLAYER_STRATEGIES	$0babd6	True	structural
PLAYEREXITBASE_ISTRAT	$0b8ec1	True	ported
PLAYERINSPACE_ISTRAT	$0bb884	True	ported
PLAYEREXITBASEWAIT_STRAT	$0b902d	True	ported
PLAYERCLEAREARTH2_STRAT	$0b9750	True	ported
PLAYERCLEARCHASE_ISTRAT	$0b9f39	True	ported
PLAYERWARP2_STRAT	$0ba510	True	ported
PLAYERESCAPENUCLEUS_CONT	$0b9506	True	ported
PLAYERFIRE_SROU	$0bdf67	True	ported
PLAYERWARP_ISTRAT	$0ba231	True	ported
PLAYERCLEAREARTH_ISTRAT	$0b9785	True	ported
PLAYERWASHENT_STRAT	$0baa94	True	ported
PLAYERTURN180_STRAT	$0bc820	True	ported
PLAYEREXITBASEFOLLOW_STRAT	$0b90d7	True	ported
PLAYERDIVE_STRAT	$0b9e8c	True	ported
PLAYERINTOCOCK_STRAT	$0bc8b5	True	ported
PLAYERTOMIDDLE4_SROU_L	$0bab19	True	ported
PLAYERINCOLONY_ISTRAT	$0bc570	True	ported
PLAYERCLEARCOLONY_ISTRAT	$0baa24	True	ported
PLAYERESCAPENUCLEUS_ISTRAT	$0b9440	True	ported
PLAYERINNUCLEUS_ISTRAT	$0bc69b	True	ported
PLAYERCLEARBRIDGE2_INIT	$0b93fc	True	ported
PLAYERCLEARBRIDGE3_INIT	$0b93fc	True	ported
PLAYERUNDER2_INIT	$0ba1e9	True	ported
PLAYERCLEAREARTH2_ISTRAT	$0b972e	True	ported
PLAYERSTRAIGHT_STRAT	$0bb71b	True	ported
PLAYERSPEEDUP_ISTRAT	$0bc7d0	True	ported
PLAYEREXITBASEGO_STRAT	$0b9081	True	ported
PLAYERWARPOUT_STRAT	$0b8aa8	True	ported
PLAYERCLEARSHIP_STRAT	$0b9909	True	ported
PLAYERDEAD_STRAT	$0be416	True	ported
PLAYERWARP1_INIT	$0ba458	True	ported
PLAYERINTOLB1A_STRAT	$0b9271	True	ported
PLAYERWARP2_INIT	$0ba503	True	ported
PLAYERTURN180_CONT	$0bc87c	True	ported
PLAYERINSIDESPACEFLYIN_ISTRAT	$0b8357	True	ported
PLAYERPLANETFLYIN_ISTRAT	$0b84c4	True	ported
PLAYERSPACEFLYIN_ISTRAT	$0b8226	True	ported
PLAYERDIVEGND_ISTRAT	$0b8d1a	True	ported
PLAYERCOLONYFLYIN_ISTRAT	$0b86ed	True	ported
PLAYERLTUNNELFLYIN_ISTRAT	$0b85fb	True	ported
PLAYERWASHENT_ISTRAT	$0baa6d	True	ported
PLAYERDIVE2_STRAT	$0b9f20	True	ported
PLAYERUNDERGND_STRAT	$0bbd07	True	ported
PLAYERONCONT_ISTRAT	$0bb9b3	True	ported
PLAYERTURN180_ISTRAT	$0bc80e	True	ported
PLAYERONWATER_ISTRAT	$0bbd3e	True	ported
PLAYERINTOCOCK2_STRAT	$0bcac3	True	ported
PLAYERMOVE_INIT_L	$0bd1fb	True	ported
PLAYERMOVE_INIT	$0bd1ff	True	ported
PLAYERINTOLB1_STRAT	$0b932d	True	ported
PLAYERCLEARDEMO_STRAT	$0b95c0	True	ported
PLAYERONPLANET_STRAT	$0bbbe5	True	ported
PLAYERTUNNELTOONPLANET_STRAT	$0b88fa	True	ported
PLAYEROUTOFLB1_ISTRAT	$0ba529	True	ported
PLAYERCLEARTURN2_STRAT	$0b9e3a	True	ported
PLAYERDIVE_ISTRAT	$0b9e53	True	ported
PLAYERINTOCOCK_ISTRAT	$0bc895	True	ported
PLAYEROUTOFCOCK_ISTRAT	$0bcc93	True	ported
PLAYERMOVE_SROU	$0bd33c	True	ported
PLAYEREXITBASEGO_INIT	$0b9054	True	ported
PLAYERINSPACE_STRAT	$0bb95e	True	ported
PLAYERCLEARCHASE_STRAT	$0b9fc3	True	ported
PLAYEROUTOFLB2_ISTRAT	$0ba6c1	True	ported
PLAYERCLEARSHIP2_ISTRAT	$0b9ad5	True	ported
PLAYERCLEARTURN_ISTRAT	$0b9d6a	True	ported
PLAYERSPEEDSTOP_ISTRAT	$0bc7ec	True	ported
PLAYERDIVE2_INIT	$0b9ef9	True	ported
PLAYERINTOCOCK2_INIT	$0bca47	True	ported
PLAYERINCOLONY_STRAT	$0bc66c	True	ported
PLAYERESCAPENUCLEUS_STRAT	$0b9463	True	ported
PLAYERCLEARCOLONY_STRAT	$0baa4b	True	ported
PLAYERINNUCLEUS_STRAT	$0bc784	True	ported
PLAYERLIMITX_SROU	$0bdf1c	True	ported
PLAYEROPENING_ISTRAT	$0b8000	True	ported
PLAYEROUTOFLB3_ISTRAT	$0ba8fb	True	ported
PLAYERSPACEFLYIN_STRAT	$0b8322	True	ported
PLAYERINSIDESPACEFLYIN_STRAT	$0b8486	True	ported
PLAYERCOLL_ISTRAT	$0be71f	True	ported
PLAYERPLANETFLYIN_STRAT	$0b85c6	True	ported
PLAYERLTUNNELFLYIN_STRAT	$0b86d2	True	ported
PLAYERCOLONYFLYIN_STRAT	$0b87e0	True	ported
PLAYERDIVEGND_STRAT	$0b8ec0	True	ported
PLAYER_ISTRAT	$0bb53c	True	ported
PLAYERNULL_ISTRAT	$0bd060	True	ported
PLAYERONCONT_STRAT	$0bba9f	True	ported
PLAYERONWATER_STRAT	$0bbe1e	True	ported
PLAYEROUTOFLB1_STRAT	$0ba60d	True	ported
PLAYEROUTOFCOCK_STRAT	$0bccea	True	ported
PLAYERCLEARSHIP2_STRAT	$0b9bee	True	ported
PLAYERCLEARTURN_STRAT	$0b9da9	True	ported
PLAYEROUTOFLB2_STRAT	$0ba7c1	True	ported
PLAYERPENING_STRAT	$0b8130	True	ported
PLAYEROUTOFLB3_STRAT	$0ba9eb	True	ported
PLAYERBOSSFDIE_STRAT	$28899c	True	ported
PLAYERWARPOUT_ISTRAT	$0b8971	True	ported
PLAYERDEAD_ISTRAT	$0be210	True	ported
PLAYERCLEARSHIP_ISTRAT	$0b97ff	True	ported
PLAYERCLEARDEMO2_INIT	$0b961d	True	ported
MOVEWALLSOUND_L	$24915e	True	ported
MOVESHIPALONGPATH	$03b9a2	True	render_dma
MOVE_STRAT	$218aa2	True	ported
MOVEOBJTOEND_L	$09c0f3	True	other
AMOEBAHOME_STRAT	$0a9ff3	True	ported
AMOEBACOL_ISTRAT	$0a9fb3	True	ported
AMOEBA_CONT	$0a9fa2	True	ported
AMOEBA_ISTRAT	$0a9f5f	True	ported
AMOEBASTICK_ISTRAT	$0aa01b	True	ported
AMOEBA_STRAT	$0a9fa2	True	ported
AMOEBAGO_INIT	$0aa173	True	ported
AMOEBASTICK_STRAT	$0aa063	True	ported
AMOEBAHOME_INIT	$0a9fe6	True	ported
BIKE2_ISTRAT	$09c123	True	ported
WAITDMA224	$03b28c	True	render_dma
WAITDMA_L	$03b29f	True	render_dma
MAPWAITFADEDO	$03e596	True	map_menu
MAPREMOVE	$03ef2e	True	ported
CHICKHMISSILE1_ISTRAT	$21975c	True	ported
CHILDREMOVE_ISTRAT	$218ce3	True	ported
CHICKHMISSILE1_STRAT	$219780	True	ported
CHILD_ROTPOS_L	$09e03b	True	ported
CHICKEN_ISTRAT	$09b319	True	ported
LARGEPLASMA_ISTRAT	$09b255	True	ported
CHICK_ISTRAT	$09be08	True	ported
RINGLASERSOUND_L	$2491ae	True	ported
RINGLASER_ISTRAT	$09d59b	True	ported
PROJECTLOG_L	$03af04	True	other
PROJLOG_L	$03af57	True	other
PROBEXPLODE	$04e8e7	True	ported
PROPTURRET_ISTRAT	$09df49	True	ported
LASERSOUND_L	$24917a	True	ported
LASER_STRAT	$219150	True	ported
LASER_ISTRAT	$2190fe	True	ported
LASTB2_ISTRAT	$078503	True	ported
LASTB3_ISTRAT	$07852c	True	ported
LASTB4_ISTRAT	$0785b9	True	ported
SALLFREE_L	$0afb64	True	other
SALLOC_L	$0afb0b	True	other
WEBMONSTER_ISTRAT	$09d77b	True	ported
WEB_ISTRAT	$09dd7f	True	ported
SHOWVIEW_L	$02f049	True	ported
SHOU0A_ISTRAT	$0ad5e9	True	ported
SHOU0_ISTRAT	$0ad5ef	True	ported
SHOU0_STRAT	$0ad620	True	ported
ARM_ISTRAT	$09a3f7	True	ported
SLSPARK_ISTRAT	$0babd6	True	ported
SLSPARK_STRAT	$0babeb	True	ported
MZ_ROTZ	$00800b	True	math_helper
MZ_STRAT	$00800a	True	structural
DELAYEXPLODE_STRAT	$06b131	True	ported
DELAYREMOVE_ISTRAT	$218d22	True	ported
DELAYREMOVEREL_ISTRAT	$218d19	True	ported
DELAYREMOVE_STRAT	$218d47	True	ported
DELAYEXPLODE_ISTRAT	$06b102	True	ported
BHOLEEXIT1_ISTRAT	$0a920d	True	ported
BHOLEEXIT2_ISTRAT	$0a9212	True	ported
BHOLEEXIT3_ISTRAT	$0a9217	True	ported
BHOLECOLL_ISTRAT	$0a9219	True	ported
BHOLECOLL_STRAT	$0a9235	True	ported
EGG_ISTRAT	$09bcd5	True	ported
MASSIVEBASE_ISTRAT	$04f890	True	ported
SMARKEXPLODE_ISTRAT	$06b33f	True	ported
RANDOM_L	$02f7bb	True	ported
DUCT_ISTRAT	$09f763	True	ported
LAUNCHATPLAYER_ISTRAT	$09dd34	True	ported
PPINITA_A.PINITA_INIT	$04a743	True	ported
PPATRET_IFAL.PATFAL_INIT	$04d498	True	structural
MYZOOM_L	$00bfdf	True	structural
MYZOOM_L	$108000	True	structural
ALVELVECS_L	$1fc0b7	True	ported
ALVEL3VECS_L	$1fc260	True	ported
SNAKE_ISTRAT	$04f9e4	True	ported
ROADLINE_ISTRAT	$09c54b	True	ported
MPULL_L	$0afbf4	True	other
MPUSH_L	$0afb8a	True	other
WALL_L	$009d92	True	structural
WALKER_L	$009c54	True	ported
WALK_4_L	$00b837	True	ported
LWALKER1_ISTRAT	$08d19c	True	ported
WALKER1_ISTRAT	$08d1a8	True	ported
WALKER1_STRAT	$08d1e5	True	ported
WALKRIGHT_ISTRAT	$089d5d	True	ported
WALKRIGHT_STRAT	$089d6e	True	ported
WALLL_ISTRAT	$09916d	True	ported
WALKING2_STRAT	$098c37	True	ported
WALL1_STRAT	$0991a7	True	ported
WALKING_ISTRAT	$098bc2	True	ported
WALL2_STRAT	$09912f	True	ported
WALLLEFT_STRAT	$099247	True	ported
WALLNOTHIT	$099206	True	ported
WALLR_ISTRAT	$099176	True	ported
WALKING_HIT	$098c72	True	ported
WALKING_STRAT	$098c15	True	ported
WALLLEFTRIGHT_ISTRAT	$099104	True	ported
WALLRND_ISTRAT	$099161	True	ported
WALLRIGHT_STRAT	$099273	True	ported
WALKER2_ISTRAT	$0ad6ff	True	ported
WALKER2_STRAT	$0ad722	True	ported
WALL_L	$0c8000	True	structural
WALKER_L	$0c8000	True	ported
WALK_4_L	$0f8000	True	ported
ENDSEQ_L	$1fe1e5	True	ported
ENDTRANS_L	$1fe351	True	other
ENDSPARKY_STRAT	$218df1	True	ported
TANK2ZACO_STRAT	$0ac9b9	True	ported
TANK1FIRE	$0a8c66	True	ported
TANK1A_STRAT	$0a89ca	True	ported
TANK1_STRAT.FORWARD	$0a8b2e	True	ported
TANK1A_ISTRAT	$0a896e	True	ported
TANK1A2_ISTRAT	$0a89ab	True	ported
TANK0_ISTRAT	$0a8a80	True	ported
TANK1_ISTRAT	$0a8ad0	True	ported
TANK2_ISTRAT	$0ac68f	True	ported
TANK3_ISTRAT	$0a8cf8	True	ported
TANK2ZACO_ISTRAT	$0ac98f	True	ported
TANK1_STRAT	$0a8aef	True	ported
TANK2_STRAT	$0ac806	True	ported
ESCAPEEEXPLODE2_ISTRAT	$06b47a	True	ported
ESCAPEE_ISTRAT	$06b4cb	True	ported
ESCAPEEEXPLODE_ISTRAT	$06b488	True	ported
LFDIE	$009b04	True	structural
LFDIE_A1	$038772	True	structural
LFDIE_C	$038554	True	structural
PARA_STRAT	$04f6aa	True	ported
PARA2_ISTRAT	$04f705	True	ported
PARAJUMP_STRAT	$04f851	True	ported
PARA2_STRAT	$04f733	True	ported
PARA_ISTRAT	$04f687	True	ported
PARTICLEEXPLODE_STRAT	$06bb15	True	ported
PARTICLEFIRE_STRAT	$06bc9e	True	ported
PARTICLEFIRE_ISTRAT	$06bc68	True	ported
PARTICLEPOLLEN_STRAT	$06bd27	True	ported
PARTICLEFIREDOWN_ISTRAT	$06bc9f	True	ported
PARTICLEPOLLEN_ISTRAT	$06bcf1	True	ported
PARTICLEEXPLODE_ISTRAT	$06badf	True	ported
PARTICLEFIRE_ICONT	$06bc80	True	ported
LFDIE	$11edb4	True	structural
LFDIE_F	$11f02d	True	structural
LFDIE_P	$11f037	True	structural
PARTFADETAB	$14bcbc	True	structural
KICHI2_ISTRAT	$04f9e0	True	ported
WMATROTP16_L	$03ae62	True	ported
SPACEMISTWHITE_A1	$0388d7	True	ported
SPARKY_ISTRAT	$218d8e	True	ported
SPARKY_STRAT	$218de5	True	ported
SPACETEST_ISTRAT	$089e02	True	ported
SPACEPILONP_STRAT	$09fce4	True	ported
SPACEPILON_ISTRAT	$09f95f	True	ported
SPACEPILONEXP_ISTRAT	$09fc9e	True	ported
SPACEPILONCOL_ISTRAT	$09fc36	True	ported
SPACEPILONP_ISTRAT	$09fcc0	True	ported
SPACEPILON_STRAT	$09fb34	True	ported
SPACEBAR3_ISTRAT	$0ad181	True	ported
SPACEBARSHOOT_ISTRAT	$0ad55f	True	ported
SPACEBAR_STRAT	$0acf4e	True	ported
SPACEBARWALKER_STRAT	$0ad4e7	True	ported
SPACEBAR1_STRAT	$0acff8	True	ported
SPACEBAR2_STRAT	$0ad03e	True	ported
SPACEBAR3_STRAT	$0ad1de	True	ported
SPACEBAR_ISTRAT	$0acf2f	True	ported
SPACEBARSHOOT_STRAT	$0ad598	True	ported
SPACEBARWALKER_ISTRAT	$0ad4c8	True	ported
SPACEBAR1_ISTRAT	$0acfcb	True	ported
SPACEBAR2_ISTRAT	$0ad025	True	ported
MCHITFLASH_STRAT	$218a61	True	ported
PATHT_ISTRAT	$04800a	True	ported
PATHDHA_ISTRAT	$048000	True	ported
PATH_ISTRAT	$04801e	True	ported
PATHHIT_ISTRAT	$04a2eb	True	ported
PATROL_ISTRAT	$08bde1	True	ported
PATROL_STRAT	$08be09	True	ported
PLWING_ISTRAT	$0bafe1	True	ported
PLWBRK_ISTRAT	$0bb24f	True	ported
PLWING_STRAT	$0bb025	True	ported
CLISLA_L	$00cc57	True	ported
CLIP_PLOT_L	$1fdeed	True	other
BRIEFING_L	$248390	True	ported
CLISLA_L	$118000	True	ported
XANGLEXABS_L	$1fd074	True	ported
XANGLEXY_L	$1fd056	True	ported
YANGLEXABS_L	$1fd09c	True	ported
ENEMYDOWNSEA_L	$249212	True	ported
ENEMYUPSEA_L	$2491f6	True	ported
YANGLEXY_L	$1fd039	True	ported
ENEMYBATTRYSOUND_L	$249196	True	ported
XYDIFFS_ABS_L	$1fcfda	True	other
XYDIFFS_L	$1fd12d	True	other
TRANSFER_L	$02d542	True	ported
TRANSSWAP_L	$02d691	True	other
TRAIL_ISTRAT	$04a313	True	ported
LBOSSAEXP_ISTRAT	$07a286	True	ported
LBOSSAEXP_STRAT	$07a2ae	True	ported
BLOWCUBE_ISTRAT	$07ec40	True	ported
BLOWCUBE_STRAT	$07ece4	True	ported
TRACKCORNER_ISTRAT	$08bf68	True	ported
LEFTWALL_ISTRAT	$09f757	True	ported
SR_MAKE_OBJ	$1fd563	True	ported
SR_ACHASE_ALVAR_END	$1fda3d	True	ported
SR_ACHASE_ALVAR_FIN	$1fda41	True	ported
SR_MAKE_CHILD	$1fd587	True	ported
SR_GEN_3DVECS1	$1fd5d4	True	math_helper
SR_GEN_3DVECS2	$1fd5ec	True	math_helper
SR_GEN_3DVECS3	$1fd607	True	math_helper
SR_MAKE_XYVEC	$1fdad0	True	ported
SR_GEN_3DVECS	$1fd5bf	True	math_helper
SR_REMOVE_OBJX	$1fd519	True	ported
SR_REMOVE_OBJY	$1fd558	True	ported
W_L	$00acbb	True	ported
WL_STRAT	$08d6ab	True	ported
WL_ISTRAT	$08d67b	True	ported
W_L	$0e8000	True	ported
P_INIT_SPRITES_L	$03c432	True	render_dma
BUILD_DRAWLIST_L	$02f238	True	render_dma
BUILD_DRAWLIST	$02f23c	True	render_dma
FIGHTER_ISTRAT	$08ead4	True	ported
FIGHTER_STRAT	$08eb14	True	ported
DESTBOSSSOUND_L	$2490e6	True	ported
STARTSFX_L	$1fbeec	True	other
DESTENEMYSOUND_L	$2490fe	True	ported
STAYDIST_ISTRAT	$218658	True	ported
STAYRELHARD180YR_STRAT	$218648	True	ported
STAYREL_STRAT	$21864d	True	ported
STAYRELHARD180YR_ISTRAT	$21862f	True	ported
STAYREL_ISTRAT	$21864d	True	ported
STARBULL_ISTRAT	$0a9b6a	True	ported
STARBULL_STRAT	$0a9bd2	True	ported
IRONBALLMISSILE_ISTRAT	$209965	True	ported
IRONBALL_ISTRAT	$09f50b	True	ported
PCHECK	$04aaf6	True	ported
PCHASE1_1	$04c52f	True	math_helper
PCHASE1_2	$04c5e0	True	math_helper
PCHASE2_1	$04c65d	True	math_helper
PCHASE2_2	$04c79b	True	math_helper
PCHASE3_1	$04c86e	True	math_helper
PCHASE3_2	$04ca76	True	math_helper
PCHASE4_1	$04cbd2	True	ported
PCHASE4_2	$04cd2a	True	math_helper
PCHASE4_3	$04cdb7	True	math_helper
PCHASE5_1	$04cdf7	True	math_helper
PCHASE5_2	$04cea7	True	math_helper
PCHASE5_3	$04cf24	True	math_helper
PCHASE6_1	$04cf5b	True	math_helper
PCHASE6_2	$04d084	True	math_helper
PCHASE7_1	$04d106	True	math_helper
PCHASE7_2	$04d246	True	math_helper
PCHASE8_1	$04d2dc	True	math_helper
PCHASE8_2	$04d3a8	True	math_helper
PCHASE8_3	$04d3fc	True	math_helper
PCHASE4_1.C4_FAL_MS	$04cc8b	True	ported
PCHASE4_1.C4_FRO_MS	$04ccf5	True	ported
PCHASE4_1.C4_RAB_MS	$04ccc0	True	ported
PSHIPWASHENT_STRAT	$06a8a7	True	ported
PSHIPCOLONY_ISTRAT	$06a5bd	True	ported
PSHIPDIVEGND_ISTRAT	$06934e	True	ported
PSHIPWASHENT_ISTRAT	$06a88c	True	ported
PSHIPOUTOFLB1_ISTRAT	$069769	True	ported
PSHIPCOLONY_STRAT	$06a5d8	True	ported
PSHIPOUTOFLB3_ISTRAT	$069e3e	True	ported
PSHIPDIVEGND_STRAT	$06937c	True	ported
PSHIPOUTOFLB1_STRAT	$06978f	True	ported
PSHIPOUTOFLB3_STRAT	$069e61	True	ported
PSHIPINTOLB1_ISTRAT	$07819a	True	ported
PSHIPINTOLB1_STRAT	$0781b5	True	ported
MOBJ_STRAT	$00800a	True	structural
MBOSSAEXP_ISTRAT	$07a2c8	True	ported
MBOSSAEXP_STRAT	$07a2ec	True	ported
BOMWING_CONT	$08d46b	True	ported
BOMWING_INIT	$08d41c	True	ported
BOMWING_STRAT	$08d447	True	ported
BOMWING2_STRAT	$08d489	True	ported
BOMWING_ISTRAT	$08d40c	True	ported
BOMWINGDIE_ISTRAT	$08d515	True	ported
BOMWING2_INIT	$08d478	True	ported
GND_ISTRAT	$08f165	True	ported
SAUCER1_STRAT	$0987a4	True	ported
SAUCER_ISTRAT	$099682	True	ported
SAUCER1_ISTRAT	$09876a	True	ported
SAUCER_STRAT2	$09975c	True	ported
SAUCER1_STRAT2	$098932	True	ported
SAUCER1_STRAT3	$0989c4	True	ported
SAUCER1_STRAT4	$098a55	True	ported
SAUCER_STRAT	$0996c0	True	ported
SAUCER1_ISTRAT2	$09891f	True	ported
SAUCER1_ISTRAT3	$0989b7	True	ported
SAUCER1_ISTRAT4	$098a40	True	ported
RWALKER1_ISTRAT	$08d1a4	True	ported
WARP_STRAT	$0ac394	True	ported
WARP_ISTRAT	$0ac351	True	ported
WARKER3_ISTRAT	$0abbf2	True	ported
WARKER3_STRAT	$0abc1c	True	ported
HDMA_START	$028fb2	True	structural
HDMA_END	$029d32	True	structural
DZDISTLESS_L	$0980a3	True	ported
BONFIRE_ISTRAT	$20980b	True	ported
BONFIRE_A1	$038578	True	structural
BONFIRE_C	$038574	True	structural
PE_KANI_L2.EK_L2_INIT	$04c167	True	structural
PE_SHAWER.E_SHA_L	$04c3aa	True	structural
PE_SHAWER.SHAWER_INIT	$04c3da	True	structural
BG_CONT	$03ad21	True	ported
BG_CONT_1	$03a83b	True	ported
XZDIFFS_L	$1fd0c3	True	ported
XZDIFFS_ABS_L	$1fcfaa	True	other
XZDIFFS_OFF_L	$1fcf72	True	other
XZDIFFS_DIFFABS_L	$1fd0e1	True	ported
BOOST_STRAT	$2186ac	True	ported
BOOST_ISTRAT	$218673	True	ported
MGENUVLIST	$01ba3f	True	structural
MGENZLIST	$01b9d2	True	structural
MGENUVLIST1	$01ba5c	True	structural
MGENUVLISTX	$01baaa	True	structural
TWALL0_STRAT	$0abb3c	True	ported
TWALL0_ISTRAT	$0abb17	True	ported
POSITIONAL_L	$098040	True	ported
HOU_L	$009e1e	True	structural
INTRO_L	$1ffa5e	True	ported
INTRO1PFALLING_INIT	$07801e	True	ported
INTRO1PFALL_STRAT	$078013	True	ported
INTRO1PFALL_ISTRAT	$078000	True	ported
INTRO1PFALLING_STRAT	$07803d	True	ported
HOUDAINS_ISTRAT	$08b531	True	ported
HOUDAI_STRAT	$08b59c	True	ported
HOUDAI_ISTRAT	$08b567	True	ported
HOUDAI5_ISTRAT	$0a9025	True	ported
HOUDAI5F_ISTRAT	$0a8f31	True	ported
HOUDAI5_STRAT	$0a905b	True	ported
HOUDAI5F_STRAT	$0a8f6f	True	ported
HOU_L	$0c8000	True	structural
HELPBALLHOME_ISTRAT	$21a681	True	ported
HELPBALLHREM_ISTRAT	$21a763	True	ported
HELPBALL_STRAT	$21a51b	True	ported
HELPBALLHOME_STRAT	$21a6da	True	ported
HELPBALL_ISTRAT	$21a4f0	True	ported
HELPBALLHCOLL_ISTRAT	$21a746	True	ported
PBODY_STRAT	$0badec	True	ported
PBODY_ISTRAT	$0bada5	True	ported
PRWING_ISTRAT	$0bb292	True	ported
PRWBRK_ISTRAT	$0bb4f9	True	ported
PRWING_STRAT	$0bb2d1	True	ported
CIRCLE_INIT	$02d9a4	True	ported
CIRCDELAYEXPLODE_STRAT	$06b18a	True	ported
CIRC2PARTICLEEXPLODE_STRAT	$06bc34	True	ported
CIRCPARTICLEEXPLODE_STRAT	$06bc67	True	ported
CIRCDELAYEXPLODE_ISTRAT	$06b16b	True	ported
CIRC2PARTICLEEXPLODE_ISTRAT	$06bbfe	True	ported
CIRCPARTICLEEXPLODE_ISTRAT	$06bc67	True	ported
GENERATE_COLLIST_L	$1fc055	True	ported
GENFOXSPR	$03d79d	True	structural
GEN_WEAPON	$21b554	True	math_helper
SZACO0_ISTRAT	$0aa4e7	True	ported
SZACO2_ISTRAT	$0aa18f	True	ported
SZACO3_ISTRAT	$0aede6	True	ported
SZACO5_ISTRAT	$0ab344	True	ported
SZACO0_STRAT	$0aa53d	True	ported
SZACO2_CONT	$0aa42c	True	ported
SZACO2_STRAT	$0aa1eb	True	ported
SZACO3_STRAT	$0aee2e	True	ported
SZACO5_STRAT	$0ab386	True	ported
HIGHFLY_ISTRAT	$09829c	True	ported
QBOSSEXPLODE_ISTRAT	$06ad8b	True	ported
TZACO7CAT_STRAT	$0abbaf	True	ported
TZACO7GO_ISTRAT	$0aba97	True	ported
TZACO7GO_STRAT	$0ababc	True	ported
TZACO7FALL_ISTRAT	$0aba73	True	ported
TZACO7CAT_ISTRAT	$0abb89	True	ported
COLLIDE_ISTRAT	$218755	True	ported
COLL_ISTRAT	$21897d	True	ported
RBOSSAEXP_ISTRAT	$07a310	True	ported
RBOSSAEXP_STRAT	$07a338	True	ported
LOCHNESSMONSTER_ISTRAT	$099993	True	ported
COLONY0_CONT	$0ad3fe	True	ported
COLONYEXIT_ISTRAT	$0af229	True	ported
FREE_L	$0af96d	True	ported
COLONY0_STRAT	$0ad278	True	ported
COLONY1_STRAT	$0ad428	True	ported
COLONY2_STRAT	$0ad463	True	ported
COLONY0_ISTRAT	$0ad249	True	ported
COLONY1_ISTRAT	$0ad40f	True	ported
COLONY2_ISTRAT	$0ad443	True	ported
PRINTBSD_L	$1fdfd6	True	other
PRINTBB_L	$1fe196	True	other
PRINTBD_L	$1fdfba	True	other
PRINTB_L	$1fdff2	True	other
PRINTT_L	$1fdf60	True	other
PRINTW_L	$1fdfad	True	other
PRINTAB1_L	$21ba25	True	other
PRINTAB2_L	$21ba3b	True	other
PRINTAB3_L	$21ba51	True	other
PRINTAB4_L	$21ba67	True	other
PRINTAB5_L	$21ba7d	True	other
PRINTAW1_L	$21b9a7	True	other
PRINTAW2_L	$21b9d1	True	other
PRINTAW3_L	$21b9fb	True	other
RIPMAN_STRAT	$08dfcf	True	ported
RIPAIR_STRAT	$08e147	True	ported
RIPMAN_ISTRAT	$08df94	True	ported
RIPMANEXP_ISTRAT	$08e00a	True	ported
RIPAIR_ISTRAT	$08e0cf	True	ported
PEGU1_IFAL.E1I_INIT	$04d6da	True	structural
PEGU6_IFAL.E6I_INIT	$04d546	True	structural
BOSS_B_L	$00b073	True	ported
BOSSHTOP_ISTRAT	$209646	True	ported
BOSSHLEG_ISTRAT	$20918c	True	ported
BOSSHHITCOUNT	$7ef151	True	ported
BOSSH_ISTRAT	$208906	True	ported
BOSSHITCOL1_A1	$0387ad	True	ported
BOSSHITCOL2_A1	$0387b8	True	ported
BOSSHITCOL3_A1	$0387c3	True	ported
SBOOT_INITIAL	$248bdb	True	ported
BOSSFLASH_L	$02fa9d	True	ported
BOSSG_ISTRAT	$04ee35	True	ported
BOSSGS_ISTRAT	$04f55e	True	ported
BOSSGEXPLODE_ISTRAT	$04f326	True	ported
BOSSDELAYEXPLODE_STRAT	$06ad31	True	ported
BOSSBIGOUTEXPLODEOFF_ISTRAT	$06af43	True	ported
BOSSBIGOUTEXPLODE_ICONT	$06af7f	True	ported
BOSSEXPLODE_ISTRAT	$06ada7	True	ported
BOSSBIGOUTEXPLODE_ISTRAT	$06af61	True	ported
BOSSDELAYEXPLODE_ISTRAT	$06ad02	True	ported
BOSSBROBFRONTPLAYERZ_SROU	$07c2c6	True	ported
BOSSBROBPOUNCEPOS_STRAT	$07c33e	True	ported
BOSSBROBMENT_SROU	$07bc11	True	ported
BOSSA_ISTRAT	$079b03	True	ported
BOSS8SHRAP_STRAT	$0799e0	True	ported
BOSS7LAUNCHERB_STRAT	$07db06	True	ported
BOSSBROBRNDPOS_CONT	$07c64a	True	ported
BOSSA_STRAT	$079cb4	True	ported
BOSSBROBFIRE1_STRAT	$07c11e	True	enemy_boss_strat
BOSSBSPINEND_CONT	$07b2af	True	ported
BOSSACUPOPEN_SROU	$07a80a	True	ported
BOSS7INTROPART_ISTRAT	$078df7	True	ported
BOSSB_ISTRAT	$07aac5	True	ported
BOSS7LAUNCHERT_ISTRAT	$07da4d	True	ported
BOSSAEXP_ISTRAT	$07a17f	True	ported
BOSSAEXP_STRAT	$07a1c5	True	ported
BOSSB_STRAT	$07ab2f	True	ported
BOSSBROBSTART_STRAT	$07bf9f	True	ported
BOSSBROBFIRE2_STRAT	$07c20e	True	enemy_boss_strat
BOSS7EXP_ISTRAT	$07d21a	True	ported
BOSS7ALLDEADA_INIT	$07d3fc	True	ported
BOSSACUPUP_SROU	$07a697	True	ported
BOSSBROBJUMP1_STRAT	$07c027	True	ported
BOSSBROBKICK_STRAT	$07c79c	True	ported
BOSSBROBFARJUMP1_STRAT	$07c85b	True	ported
BOSS7ALLDEADB_INIT	$07d47e	True	ported
BOSSBRANGE_SROU	$07b67a	True	ported
BOSS7ALLDEADC_INIT	$07d449	True	ported
BOSSBROBDEMO_ISTRAT	$07b68d	True	ported
BOSSBROBJUMP2_STRAT	$07c084	True	ported
BOSSBROBFARJUMP2_STRAT	$07c8be	True	ported
BOSSBSCREAM2_INIT	$07b191	True	ported
BOSSBROBCHG2_INIT	$07bd51	True	ported
BOSSACUPUPLOW_SROU	$07a6fa	True	ported
BOSSBADDPZ_CONT	$07bd41	True	ported
BOSSBROBCHG3_INIT	$07be71	True	ported
BOSSBROBCHG4_INIT	$07beb5	True	ported
BOSS7ALLDEAD_INIT	$07d2e0	True	ported
BOSS7B2_INIT	$07d51e	True	ported
BOSSACUPCLOSE_SROU	$07a83c	True	ported
BOSSACUPDOWN_SROU	$07a75d	True	ported
BOSS8COV_STRAT	$07976a	True	ported
BOSSATURRETR_ISTRAT	$07a8e7	True	ported
BOSSBDODGECOL_ISTRAT	$07aebb	True	ported
BOSSBENTSPLIT2_ISTRAT	$07ba1b	True	ported
BOSSBROBFOOT_ISTRAT	$07c965	True	ported
BOSS7C2_INIT	$07d5a5	True	ported
BOSS7LAUNCH_CONT	$07d5de	True	ported
BOSSBESCAPE_STRAT	$07b4e7	True	ported
BOSSBROBRNDPOS_STRAT	$07c625	True	ported
BOSSBROBSPLIT2_INIT	$07b988	True	ported
BOSSBENTLONG_ISTRAT	$07b55a	True	ported
BOSS7_CONT	$07d16e	True	ported
BOSS8_CONT	$0793af	True	ported
BOSS8WAIT_INIT	$079340	True	ported
BOSS8_INIT	$07939e	True	ported
BOSSBROB2_INIT	$07b923	True	ported
BOSS8COV_ISTRAT	$07971f	True	ported
BOSSBSPINEND_STRAT	$07b263	True	ported
BOSSBROBRNDPOS2_STRAT	$07c614	True	ported
BOSSBPEXP_STRAT	$07cc6a	True	enemy_boss_strat
BOSS7SHIELDEXP_STRAT	$07ddbb	True	ported
BOSSBROBLAND_INIT	$07c0ad	True	ported
BOSSBROBFARLAND_INIT	$07c8fd	True	ported
BOSS7B_INIT	$07d4d0	True	ported
BOSSATURRET_CONT	$07a946	True	ported
BOSSBENTSPLIT_CONT	$07bba8	True	ported
BOSS8A_INIT	$079416	True	ported
BOSSBROBFIREP1_INIT	$07c223	True	enemy_boss_strat
BOSS7C_INIT	$07d557	True	ported
BOSS7ALLDEADA_STRAT	$07d413	True	ported
BOSS8B_INIT	$07952d	True	ported
BOSSBROBSPLIT_INIT	$07b95c	True	ported
BOSS7D_INIT	$07d61a	True	ported
BOSSBROB_CONT	$07c048	True	ported
BOSS7E_INIT	$07d6d3	True	ported
BOSS7_ISTRAT	$07cf70	True	ported
BOSSBESCAPE_ISTRAT	$07b4ba	True	ported
BOSSBROBRNDPOS_ISTRAT	$07c5e3	True	ported
BOSS7ALLDEADB_STRAT	$07d48f	True	ported
BOSSBROBREAPPEAR_INIT	$07c45d	True	ported
BOSSBROBPOUNCEPOS_INIT	$07c326	True	ported
BOSS8DIE_STRAT	$07961c	True	ported
BOSS7ALLDEADC_STRAT	$07d45a	True	ported
BOSSAEXP2_INIT	$07a219	True	ported
BOSSBROBSTART2_INIT	$07bff6	True	ported
BOSSB_CONT	$07abfa	True	ported
BOSSBROBFRONTPLAYER_SROU	$07c2a4	True	ported
BOSS8_ISTRAT	$079190	True	ported
BOSSATURRETL_STRAT	$07a8b9	True	ported
BOSSBSCREAM2_STRAT	$07b1a2	True	ported
BOSSBROBCHG2_STRAT	$07bd70	True	ported
BOSS7SHIELD_STRAT	$07dd26	True	ported
BOSSBSCREAMEND_INIT	$07b203	True	ported
BOSSBROBSTART_INIT	$07bf82	True	ported
BOSSBROBVECS_CONT2	$07bd9b	True	ported
BOSSBROBVECS_CONT3	$07bdad	True	ported
BOSSBROBVECS_CONT4	$07bdb1	True	ported
BOSSBROBJUMP1_INIT	$07c013	True	ported
BOSSBROBKICK_INIT	$07c77b	True	ported
BOSSBROBFARJUMP1_INIT	$07c838	True	ported
BOSSBROBMENT2_SROU	$07bc4c	True	ported
BOSSATURRETM_STRAT	$07a8da	True	ported
BOSSBROBCHG3_STRAT	$07be7e	True	ported
BOSSBROBJUMP2_INIT	$07c04e	True	ported
BOSSBROBFARJUMP2_INIT	$07c88e	True	ported
BOSSBSPINENDNEWENT_SROU	$07b4a3	True	ported
BOSS7INTRO_ISTRAT	$078c9f	True	ported
BOSSBSPINEND2_STRAT	$07b092	True	ported
BOSSBSCREAM_ISTRAT	$07b127	True	ported
BOSSBROBCHG_ISTRAT	$07bcd4	True	ported
BOSSBROBCHG4_STRAT	$07bede	True	ported
BOSSBROBUNDEAD_STRAT	$07ce70	True	ported
BOSS7ALLDEAD_STRAT	$07d313	True	ported
BOSS7B2_STRAT	$07d535	True	ported
BOSSBDODGE_STRAT	$07aca5	True	ported
BOSS7LAUNCHER_CONT	$07db10	True	ported
BOSSACUPPERL_ISTRAT	$07a352	True	ported
BOSSATURRETEXP_ISTRAT	$07aa9e	True	ported
BOSSBSPINEND_ISTRAT	$07b228	True	ported
BOSSBENT_ISTRAT	$07b57a	True	ported
BOSSBROBSEPEXP_ISTRAT	$07ca33	True	enemy_boss_strat
BOSSBROBRNDPOS2_ISTRAT	$07c5f3	True	ported
BOSSBPWAITEXP_ISTRAT	$07cbe6	True	enemy_boss_strat
BOSSBPEXP_ISTRAT	$07cc55	True	enemy_boss_strat
BOSS7EXP_STRAT	$07d277	True	ported
BOSS7C2_STRAT	$07d5bc	True	ported
BOSS7HATCHEXP_ISTRAT	$07da39	True	ported
BOSS7LAUNCHERT_STRAT	$07daf9	True	ported
BOSS7LAUNCHERTEXP_ISTRAT	$07dcba	True	ported
BOSS7LAUNCHERBEXP_ISTRAT	$07dcca	True	ported
BOSS7SHIELDEXP_ISTRAT	$07dda6	True	ported
BOSSBROBEXP_INIT	$07cae5	True	enemy_boss_strat
BOSS7_CONT2	$07d1d4	True	ported
BOSSBROBDEMO_STRAT	$07b6c1	True	ported
BOSSBPOINTDIR_SROU	$07b5c9	True	ported
BOSSACUPPERM_ISTRAT	$07a359	True	ported
BOSSATURRETR_STRAT	$07a93c	True	ported
BOSSBENTSPLIT2_STRAT	$07ba31	True	ported
BOSSBROBFOOT_STRAT	$07c9bc	True	ported
BOSSACUPFIREMISS_SROU	$07a63b	True	ported
BOSSBSPINEND2_INIT	$07b049	True	ported
BOSSBDODGE_INIT	$07ac7d	True	ported
BOSS7HATCH_ISTRAT	$07d79b	True	ported
BOSSBSPINENDCOL_ISTRAT	$07b49f	True	ported
BOSSBSPINENDENTCOL_ISTRAT	$07b498	True	ported
BOSSBENTSPLITCOL_ISTRAT	$07baed	True	ported
BOSSBENTSPLIT_ISTRAT	$07bafd	True	ported
BOSSBROBCOL_ISTRAT	$07cc7f	True	ported
BOSSBROBSEPCOL_ISTRAT	$07c9e2	True	ported
BOSS7HATCHCOL_ISTRAT	$07da28	True	ported
BOSS7LAUNCHERCOL_ISTRAT	$07dc93	True	ported
BOSSBROBVECS_CONT	$07bd97	True	ported
BOSSBROBOUCH_SROU	$07cd7e	True	ported
BOSSBSPIN1_STRAT	$07af67	True	ported
BOSSBROBCENT_SROU	$07bc75	True	ported
BOSS8WAIT_STRAT	$07934d	True	ported
BOSS8DIE_ISTRAT	$0795be	True	ported
BOSS8_STRAT	$0793af	True	ported
BOSSBSPIN2_STRAT	$07aff2	True	ported
BOSSBROB2_STRAT	$07b930	True	ported
BOSSACUPFIRE_SROU	$07a611	True	ported
BOSS7HATCHFIRE_SROU	$07d97c	True	ported
BOSSBSPIN1_INIT	$07af43	True	ported
BOSS7INTRO_STRAT	$078d4a	True	ported
BOSSBSCREAM_STRAT	$07b144	True	ported
BOSSBROBCHG_STRAT	$07bd21	True	ported
BOSS7A_STRAT	$07d0e9	True	ported
BOSSBSPIN2_INIT	$07afcd	True	ported
BOSSBENT_CONT	$07b5ba	True	ported
BOSSBROB_ISTRAT	$07b83c	True	ported
BOSS7SHIELD_ISTRAT	$07dcde	True	ported
BOSSATURRETL_ISTRAT	$07a8a9	True	ported
BOSSBENT_STRAT	$07b596	True	ported
BOSSBROBLAND_STRAT	$07c0ca	True	ported
BOSSBROBFARLAND_STRAT	$07c914	True	ported
BOSSBROBSEPEXP_STRAT	$07ca73	True	enemy_boss_strat
BOSSBPWAITEXP_STRAT	$07cbfb	True	enemy_boss_strat
BOSS7COLL_ISTRAT	$07d216	True	ported
BOSS7B_STRAT	$07d4fc	True	ported
BOSSACUPINITPOS_SROU	$07a870	True	ported
BOSS8A_STRAT	$079445	True	ported
BOSSBROBFIREP1_STRAT	$07c245	True	enemy_boss_strat
BOSS7C_STRAT	$07d583	True	ported
BOSSBROBSEP_INIT	$07c50d	True	ported
BOSSBADDBHP_CONT	$07bd45	True	ported
BOSSBROBDIE_INIT	$07cedb	True	ported
BOSS8B_STRAT	$07959a	True	ported
BOSSATURRETM_ISTRAT	$07a8c6	True	ported
BOSSACUPEXPLODE_ISTRAT	$07a603	True	ported
BOSSBROBSPLIT_STRAT	$07b96f	True	ported
BOSSBENTSPLIT_STRAT	$07bb33	True	ported
BOSSBROBSEP_STRAT	$07c54e	True	ported
BOSS7D_STRAT	$07d637	True	ported
BOSS7HATCH_STRAT	$07d81d	True	ported
BOSSBROBPOUNCE2_INIT	$07c389	True	ported
BOSSBROBDIE_STRAT	$07cef2	True	ported
BOSS7E_STRAT	$07d6ff	True	ported
BOSSB_CONT3	$07abe4	True	ported
BOSSB_CONT2	$07ac69	True	ported
BOSSB_CONT4	$07ac74	True	ported
BOSSBROBFIRE1_INIT	$07c109	True	enemy_boss_strat
BOSS8SHRAP_ISTRAT	$0799b7	True	ported
BOSS7LAUNCHERB_ISTRAT	$07da77	True	ported
BOSSACUPPERR_ISTRAT	$07a360	True	ported
BOSSBROB_STRAT	$07b8b6	True	ported
BOSSBROBPOUNCE2_STRAT	$07c3b3	True	ported
BOSSBROBREAPPEAR_STRAT	$07c488	True	ported
BOSSBPEXP2_ISTRAT	$07cc31	True	enemy_boss_strat
BOSSBROBUNDEAD_ISTRAT	$07ce46	True	ported
BOSS7FALL_STRAT	$07de46	True	ported
BOSSBROBFIRE2_INIT	$07c201	True	enemy_boss_strat
BOSS1_ISTRAT	$08816a	True	ported
BOSS2_ISTRAT	$088bba	True	ported
BOSS1EXP_ISTRAT	$088162	True	ported
BOSS1IN_STRAT	$088460	True	ported
BOSS1INCLOSE_INIT	$0884d1	True	ported
BOSS2PLASMA_STRAT	$0897e0	True	ported
BOSS1ROTS_SROU	$0887bf	True	ported
BOSS1TURRETR_ISTRAT	$088941	True	ported
BOSS2TOP_ISTRAT	$0893a4	True	ported
BOSS1OUT_STRAT	$088495	True	ported
BOSS2PLASMA_ISTRAT	$089795	True	ported
BOSS1NORMAL_INIT	$08842e	True	ported
BOSS1BACK_STRAT	$088521	True	ported
BOSS1TURRET_INIT	$088968	True	ported
BOSS1INCLOSE_STRAT	$0884e8	True	ported
BOSS2ROTS_SROU	$089992	True	ported
BOSS1TURRETL_STRAT	$088999	True	ported
BOSS1COV_STRAT	$088b09	True	ported
BOSS1IN_INIT	$08844d	True	ported
BOSS2SPARK_ISTRAT	$0898d6	True	ported
BOSS1_END.NOFIRE	$088789	True	ported
BOSS1OUT_INIT	$088488	True	ported
BOSS2_STRAT	$088e38	True	ported
BOSS2EXP_ISTRAT	$08938d	True	ported
BOSS2TOPEXP_ISTRAT	$0894ec	True	ported
BOSS2TURRETEXP_ISTRAT	$0895ac	True	ported
BOSS2PETALEXP_ISTRAT	$089765	True	ported
BOSS1BACK_INIT	$088514	True	ported
BOSS1TURRETR_STRAT	$0889aa	True	ported
BOSS2TOP_STRAT	$0893ea	True	ported
BOSS1TURCOL_ISTRAT	$088ab5	True	ported
BOSS2PETAL_ISTRAT	$089627	True	ported
BOSS2TURRET_ISTRAT	$0894fc	True	ported
BOSS2TOPCOL_ISTRAT	$0894cc	True	ported
BOSS1NORMAL_STRAT	$088445	True	ported
BOSS1TURRET_NFIRE	$088a93	True	ported
BOSS2SPARK_STRAT	$0898ed	True	ported
BOSS1TURRETFIRE_END	$0889b7	True	ported
BOSS1COV_ISTRAT	$088ac3	True	ported
BOSS1TURRETL_ISTRAT	$088916	True	ported
BOSS2PETALEXP_STRAT	$08977b	True	ported
BOSS2SPARK_SROU	$089a9e	True	ported
BOSS1UP_STRAT	$08840f	True	ported
BOSS2TURRET_STRAT	$089542	True	ported
BOSS2PETAL_STRAT	$089671	True	ported
BOSS1MAKECHILD	$088204	True	ported
BOSS1COVDIE_STRAT	$088b82	True	ported
BOSSFBODY_ISTRAT	$09eca7	True	ported
BOSSFFEET_ISTRAT	$09ee48	True	ported
BOSSFARM_ISTRAT	$09f0c4	True	ported
BOSSFHEAD_ISTRAT	$09ea2e	True	ported
BOSSSEAMON_STRAT	$0af2f4	True	ported
BOSSSEAMONEXP_ISTRAT	$0af64b	True	ported
BOSSSEAMON_ISTRAT	$0af2a7	True	ported
BOSSFTUR1_STRAT	$288b3c	True	ported
BOSSFTUR3_ISTRAT	$288a48	True	ported
BOSSFTUR2_STRAT	$288bdd	True	ported
BOSSFCDIE2_INIT	$2887dd	True	ported
BOSSFTUR3_STRAT	$288c7e	True	ported
BOSSFC2B_INIT	$28844e	True	ported
BOSSFTUR4_ISTRAT	$288a79	True	ported
BOSSFTUR4_STRAT	$288d1f	True	ported
BOSSFTUR5_STRAT	$288dc0	True	ported
BOSSFC2_CONT	$288535	True	ported
BOSSFTUR5_ISTRAT	$288aaa	True	ported
BOSSFTUR6_STRAT	$288e61	True	ported
BOSSFC2_INIT	$28844a	True	ported
BOSSFC3_INIT	$2886a0	True	ported
BOSSFTUR6_ISTRAT	$288adb	True	ported
BOSSFCDIE2_STRAT	$28880e	True	ported
BOSSFCDIE_INIT	$288784	True	ported
BOSSFC2_CONT2	$2885cb	True	ported
BOSSFC2_CONT3	$2885d6	True	ported
BOSSF_ISTRAT	$288000	True	ported
BOSSFA_ISTRAT	$28905f	True	ported
BOSSFTUR_CONT	$288eff	True	ported
BOSSFB_ISTRAT	$2891f0	True	ported
BOSSFC2_STRAT	$288467	True	ported
BOSSFC2START_INIT	$2881c0	True	ported
BOSSFC3_STRAT	$2886bd	True	ported
BOSSFCSMOKE_SROU	$2885fa	True	ported
BOSSFCDIE_STRAT	$288791	True	ported
BOSSFA_STRAT	$289080	True	ported
BOSSFB_STRAT	$289211	True	ported
BOSSFC_STRAT	$28809e	True	ported
BOSSFTUR1_ISTRAT	$2889e6	True	ported
BOSSFEXP1_ISTRAT	$28902e	True	ported
BOSSFTUR2_ISTRAT	$288a17	True	ported
BOSSFEXP2_ISTRAT	$28903a	True	ported
BOSS_B_L	$0e8000	True	ported
DPILAR_ISTRAT	$0af652	True	ported
MCORE1_ISTRAT	$07ecfb	True	ported
MCORE1_STRAT	$07ed88	True	ported
MCORE1EXP_ISTRAT	$07f092	True	ported
MCORE1EXP_STRAT	$07f0b1	True	ported
MCORE1COL_ISTRAT	$07f083	True	ported
MCOREZROT_SROU	$07f157	True	ported
HOVER_ISTRAT	$218a96	True	ported
BOTRIGHT1_ISTRAT	$09f74b	True	ported
BOTLEFT1_ISTRAT	$09f73f	True	ported
NOCOLLANIM0_ISTRAT	$21873a	True	ported
NOCOLL_ISTRAT	$218741	True	ported
FOG_STRAT	$0a87e2	True	ported
PHENTAI_FAL.MOVE_LEFT	$04dae7	True	structural
PHENTAI_FAL.HENTAI_INIT	$04dab6	True	structural
MWINDRAWLINE	$01d6f8	True	render_dma
LFIREBALL	$009618	True	structural
CLROTHERHALF_L	$02d812	True	structural
CLRONEHALF_L	$02d802	True	structural
DRILL_ISTRAT.LAUNCHWEB	$09dd0e	True	ported
FLING.MAKEOBJ	$09ae31	True	ported
FLINGBOSS_ISTRAT	$09aa4b	True	ported
DRILL_ISTRAT	$09da71	True	ported
LFIREBALL	$11edb4	True	structural
BMYSHIP_L	$00bbb7	True	structural
BMYSHIP_L	$11f0e6	True	structural
KDOOR_ISTRAT	$04f91f	True	ported
KDOOR2_ISTRAT	$04f919	True	ported
SGENSPARK_SROU_L	$0bac4a	True	ported
SGENSPARK_SROU	$0bac4e	True	ported
MONOLITHPART_ISTRAT	$07fa99	True	ported
MONOLITHPART_SROU	$07f3e8	True	ported
MONOLITH_ISTRAT	$07dea1	True	ported
MONOLITHEXP_ISTRAT	$07f1de	True	ported
MONOLITHPARTL_ISTRAT	$07fa8f	True	ported
MONOLITHPART_STRAT	$07fb38	True	ported
MONOLITHCOL_ISTRAT	$07f168	True	ported
MONOLITH_STRAT	$07df0c	True	ported
JUMP0_ISTRAT	$08bfac	True	ported
JUMP0_STRAT	$08bfe2	True	ported
JUMP1_ISTRAT	$08bf82	True	ported
JUMP0A_STRAT	$08c015	True	ported
JUMP0A_INIT	$08bfff	True	ported
JUMPTOSTATE_L	$09c023	True	other
SIDEVECS_L	$1fc5fc	True	ported
CLSHIPGNDC_ISTRAT	$068327	True	ported
CLSHIPDIVEA_ISTRAT	$068c19	True	ported
CLSHIPUNDERC_ISTRAT	$0691cb	True	ported
CLSHIPDIVEA_STRAT	$068c39	True	ported
CLSHIPDIVEB_ISTRAT	$068cec	True	ported
CLSHIPDIVEB_STRAT	$068d0c	True	ported
CLSHIPTURNA_STRAT	$06880b	True	ported
CLSHIPDIVEC_STRAT	$068ddf	True	ported
CLSHIPTURNA_ISTRAT	$0687c7	True	ported
CLSHIPDIVEC_ISTRAT	$068dbf	True	ported
CLSHIPBOOST_STRAT	$068453	True	ported
CLSHIPTURNB_STRAT	$06886a	True	ported
CLSHIPBRIDGEBOOST_STRAT	$068bb3	True	ported
CLSHIPCHASEBOOST_STRAT	$0690b4	True	ported
CLSHIPUNDERBOOST_STRAT	$0692dd	True	ported
CLSHIP_CONT	$0686a3	True	ported
CLSHIPTURNC_STRAT	$0688bc	True	ported
CLSHIPBRIDGEBOOST_ISTRAT	$068b9e	True	ported
CLSHIPBOOST_ISTRAT	$06840e	True	ported
CLSHIPDIVEBOOST_ISTRAT	$068ef9	True	ported
CLSHIPUNDERBOOST_ISTRAT	$0692c6	True	ported
CLSHIPTURNB_ISTRAT	$068826	True	ported
CLSHIPTURN2_ISTRAT	$0689a5	True	ported
CLSHIPCHASEBOOST_ISTRAT	$06909f	True	ported
CLSHIPDIVE_CONT2	$068ed6	True	ported
CLSHIPTURN2_CONT	$0689e8	True	ported
CLSHIPTURNC_ISTRAT	$068885	True	ported
CLSHIPCHASEA_ISTRAT	$068f04	True	ported
CLSHIPCHASEB_ISTRAT	$068f57	True	ported
CLSHIPTURN_CONT	$0688e5	True	ported
CLSHIPWARPA_ISTRAT	$0680fe	True	ported
CLSHIPEARTHA_ISTRAT	$06848f	True	ported
CLSHIPCHASEC_ISTRAT	$068faa	True	ported
CLSHIPBRIDGEA_STRAT	$068a2d	True	ported
CLSHIPBRIDGE_CONT	$068af4	True	ported
CLSHIPGND_CONT	$068372	True	ported
CLSHIPWARPB_ISTRAT	$06814c	True	ported
CLSHIPEARTHB_ISTRAT	$0684f3	True	ported
CLSHIPBRIDGEB_STRAT	$068a80	True	ported
CLSHIPGNDA_STRAT	$0682af	True	ported
CLSHIPBRIDGEC_STRAT	$068acb	True	ported
CLSHIPUNDERA_STRAT	$069145	True	ported
CLSHIPWARP_CONT	$0681e9	True	ported
CLSHIPWARPC_ISTRAT	$06819a	True	ported
CLSHIPEARTHC_ISTRAT	$068557	True	ported
CLSHIPGNDB_STRAT	$0682fe	True	ported
CLSHIPUNDERB_STRAT	$0691a2	True	ported
CLSHIPGNDC_STRAT	$068349	True	ported
CLSHIPUNDERC_STRAT	$0691f3	True	ported
CLSHIPBOOSTNOSND_ISTRAT	$068414	True	ported
CLSHIPDIVE_CONT	$068e68	True	ported
CLSHIPSHIPA_ISTRAT	$0685b7	True	ported
CLSHIP1_ISTRAT	$0685c1	True	ported
CLSHIPTURN2_STRAT	$0689c6	True	ported
CLSHIPCHASEA_STRAT	$068f2e	True	ported
CLSHIPTURN_ISTRAT	$06896e	True	ported
CLSHIPSHIPB_ISTRAT	$068607	True	ported
CLSHIP2_ISTRAT	$068611	True	ported
CLSHIPCHASEB_STRAT	$068f81	True	ported
CLSHIPWARPA_STRAT	$068131	True	ported
CLSHIPEARTHA_STRAT	$0684c6	True	ported
CLSHIPCHASEC_STRAT	$068fcc	True	ported
CLSHIPCHASE_CONT	$068ff5	True	ported
CLSHIPSHIPC_ISTRAT	$068657	True	ported
CLSHIPBRIDGEA_ISTRAT	$068a03	True	ported
CLSHIP3_ISTRAT	$068661	True	ported
CLSHIPWARPB_STRAT	$06817f	True	ported
CLSHIPEARTHB_STRAT	$06852a	True	ported
CLSHIPWARPC_STRAT	$0681c0	True	ported
CLSHIPEARTHC_STRAT	$06858a	True	ported
CLSHIPBRIDGEB_ISTRAT	$068a56	True	ported
CLSHIP1_STRAT	$0685de	True	ported
CLSHIPGNDA_ISTRAT	$068289	True	ported
CLSHIPBRIDGEC_ISTRAT	$068aa9	True	ported
CLSHIPUNDERA_ISTRAT	$069111	True	ported
CLSHIP2_STRAT	$06862e	True	ported
CLSHIPTURN_STRAT	$06897f	True	ported
CLSHIP3_STRAT	$06867a	True	ported
CLSHIPUNDER_CONT	$06921c	True	ported
CLSHIPGNDB_ISTRAT	$0682d8	True	ported
CLSHIPUNDERB_ISTRAT	$06916e	True	ported
DISTANTFLY_ISTRAT	$098311	True	ported
SPINSPACEBAR_STRAT	$0acf92	True	ported
SPINSPACEBAR_ISTRAT	$0acf73	True	ported
SHRAPNEL_SROU_L	$0ba7ce	True	ported
SHRAPFALL2_ISTRAT	$0ba8d9	True	ported
SHRAPFALL_STRAT	$2893dd	True	ported
SHRAPNEL_SROU	$0ba7d2	True	ported
SHRAPFALL_ISTRAT	$28937c	True	ported
WOBBLE_STRAT	$098fce	True	ported
STRATDEBUG_L	$1fbdb0	True	structural
STRAIGHT_STRAT	$0b8cfc	True	ported
STRAIGHT_ISTRAT	$0b8cdd	True	ported
GETVIEW_L	$02f497	True	ported
GETBOSSACUPCHILD_SROU	$07a897	True	ported
MFIRE1_ISTRAT	$07f984	True	ported
MFIRE1_STRAT	$07fa10	True	ported
MFIRE1EXP_ISTRAT	$07fa20	True	ported
MFIRE1A_ISTRAT	$07f968	True	ported
MFIRE1_ICONT	$07f9b3	True	ported
TOPRIGHT1_ISTRAT	$09f727	True	ported
TOPLEFT1_ISTRAT	$09f733	True	ported
MQ_STRAT	$008006	True	structural
COPYCHARS_L	$03adb3	True	structural
COPY_TO_0101_L	$1fde69	True	structural
PCOINEXPLODE.COIN	$04e6b9	True	ported
PCOINEXPLODE	$04e6b1	True	ported
PCOLB_STRAT	$0baee4	True	ported
PCOLB_ISTRAT	$0bae5e	True	ported
PCOLRW_STRAT	$0bb4a8	True	ported
PCOLRW_ISTRAT	$0bb3a6	True	ported
PCOLBEXP_ISTRAT	$0bafb5	True	ported
PCOLLW_ISTRAT	$0bb0fc	True	ported
PCOLLW_STRAT	$0bb1fe	True	ported
FIND_OBJECT_L	$1fc7ed	True	other
FINDTARGET_L	$1fc7ed	True	other
FIND_SHAPE_L	$1fc969	True	ported
FIND_NEAROBJECT_L	$1fc888	True	other
FIND_ANYNEAROBJECT_L	$1fc8d1	True	other
FIND_RADIUSOBJECT_L	$1fc902	True	other
FIND_ANYRADIUSOBJECT_L	$1fc93d	True	other
FINDNTARGET_L	$1fc888	True	other
FIND_MOBJECT_L	$1fc82f	True	other
FIND_WINDOW_PRI_L	$02d713	True	other
FINALMAP_CONT	$0dd221	True	ported
TOW0EXPLODE_ISTRAT	$06bd99	True	ported
TOWER0_STRAT	$08b184	True	ported
TOWER0_ISTRAT	$08b16e	True	ported
FIND_Y_L	$09b1fb	True	ported
FIND_SWORD1_L	$09b213	True	other
FIND_ALPTR_L	$09b1c3	True	ported
STBHMISSILE1_ISTRAT	$219866	True	ported
STBHMISSILE1_STRAT	$219891	True	ported
SHELL_ISTRAT	$09be56	True	ported
STBGO_INIT	$0a9f06	True	ported
STBFP_STRAT	$0a9e29	True	ported
STBGO_STRAT	$0a9f13	True	ported
XHDMA_TABLES	$7e8be1	True	structural
PSPIRALEXPLODE	$04e681	True	ported
MDODRAWLINE	$01d8c3	True	render_dma
DOMAKESPL	$218c47	True	ported
DOMA_STRAT	$08f0b5	True	ported
DOMA_ISTRAT	$08f077	True	ported
DOMB_ISTRAT	$08f077	True	ported
MODECHANGESET_L	$09c01f	True	other
MODECHANGEADD_L	$09c013	True	other
DIVORCEFAMILY_L	$1fdbbc	True	math_helper
THEEND_N_ISTRAT	$0a9627	True	ported
THEEND_FLYAWAY_STRAT	$0a98f8	True	ported
THEEND_FIN_STRAT	$0a9851	True	ported
THEEND_D_STRAT	$0a9700	True	ported
THEEND_FIN2_STRAT	$0a9890	True	ported
THEEND_FLYAWAY_ISTRAT	$0a98ce	True	ported
THEEND_FLIP_STRAT	$0a9add	True	ported
THEEND_E_STRAT	$0a9568	True	ported
THEEND_ZOOM2_ISTRAT	$0a978e	True	ported
THEEND_FIN_ISTRAT	$0a982d	True	ported
THEEND_H_STRAT	$0a94e0	True	ported
THEEND_T_ISTRAT	$0a938a	True	ported
THEEND_D_ISTRAT	$0a96af	True	ported
THEEND_E2_STRAT	$0a95f0	True	ported
THEEND_FIN2_ISTRAT	$0a986c	True	ported
THEEND_FLIP_ISTRAT	$0a991e	True	ported
THEEND_E_ISTRAT	$0a9517	True	ported
THEEND_N_STRAT	$0a9678	True	ported
THEEND_CHECK_ISTRAT	$0a97e5	True	ported
THEEND_H_ISTRAT	$0a948f	True	ported
THEEND_ZOOM2_STRAT	$0a97c1	True	ported
THEEND_T_STRAT	$0a93db	True	ported
THEEND_ZOOM_ISTRAT	$0a9737	True	ported
THEEND_E2_ISTRAT	$0a959f	True	ported
THEEND_ZOOM_STRAT	$0a976a	True	ported
CROTMAT16_L	$03ae9c	True	math_helper
ROCKHARD_ISTRAT	$2185db	True	ported
CORE1_ISTRAT	$08a291	True	ported
CORE0_STRAT	$08a277	True	ported
CORE1_STRAT	$08a2d8	True	ported
CORE1EXP_ISTRAT	$08a302	True	ported
CORE1EXP_STRAT	$08a34b	True	ported
CORE1COL_ISTRAT	$08a372	True	ported
CORE0_ISTRAT	$08a250	True	ported
PITACHI_A.ITACHI_INIT	$04a781	True	ported
POLE0_ISTRAT	$0af6c9	True	ported
POLE0COL_ISTRAT	$0af72b	True	ported
POLE0_STRAT	$0af70c	True	ported
LENG0_ISTRAT	$0ab694	True	ported
LENG0_STRAT	$0ab6ba	True	ported
WINGLAZERMANGO_STRAT	$08dc22	True	ported
WINGLAZERMAN2_INIT	$08dc55	True	other
WINGLAZERMAN3_INIT	$08dc90	True	other
WINDMILL_STRAT	$08ebf3	True	ported
WINDMILL_ISTRAT	$08ebba	True	ported
WINDSPIN_STRAT	$08f058	True	ported
WINGLAZERMAN2_STRAT	$08dc70	True	ported
WINGLAZERMAN3_STRAT	$08dca5	True	ported
WINGLAZERMAN_ISTRAT	$08db31	True	ported
WINDEXP_ISTRAT	$08ed04	True	ported
WINGLAZERMANDIE_ISTRAT	$08dda0	True	ported
WINGLAZERMAN_CONT	$08dbf6	True	ported
WINGLAZERMAN_STRAT	$08db6e	True	ported
WINDSPIN_ISTRAT	$08effe	True	ported
WINGLAZERMANGO_INIT	$08dc11	True	other
WINGS_ISTRAT	$09c042	True	ported
NUCLEUSBEAMCOL_ISTRAT	$07991e	True	ported
NUCLEUSBEAML_STRAT	$079858	True	ported
NUCLEUSBEAML_ISTRAT	$079809	True	ported
NUCLEUSBEAM_ISTRAT	$07995b	True	ported
NUCLEUSBEAM_STRAT	$07998c	True	ported
NUCLEUSWALLROT_SROU_L	$089cff	True	math_helper
NUCLEUSLAUNCHERCLOSE_INIT	$089c7f	True	ported
NUCLAUNCH_CONT	$089c64	True	ported
NUCLEUSLAUNCHERFIRE_INIT	$089bdd	True	ported
NUCLEUSLAUNCHER_STRAT	$089b4a	True	ported
NUCLEUSPILLAR_STRAT	$089ced	True	ported
NUCLEUSLAUNCHERCLOSE_STRAT	$089c8c	True	ported
NUCLEUSLAUNCHER_ISTRAT	$089b0d	True	ported
NUCLEUSPILLAR_ISTRAT	$089cb9	True	ported
NUCLEUSLAUNCHER_INIT	$089b32	True	ported
NUCLEUSLAUNCHERFIRE_STRAT	$089bf2	True	ported
NUCLEUSWALLROT2_SROU_L	$089d2e	True	math_helper
DOOR_L	$00b8c3	True	ported
DOOROPENSOUND_L	$2491c6	True	ported
DYINGREDOFF_L	$02fa1b	True	other
DYINGRED_L	$02f9eb	True	other
DOORCLOSESOUND_L	$2491de	True	ported
ITEM7A_ISTRAT	$08ded2	True	ported
ITEM7A_STRAT	$08dee9	True	ported
ITEM0_STRAT	$08d798	True	ported
ITEM0_ISTRAT	$08d77d	True	ported
ITEM3_STRAT	$08d6ee	True	ported
DOOR1CLOSEWAIT_STRAT	$08aeca	True	ported
ITEM4_STRAT	$08e04f	True	ported
ITEM5_STRAT	$08d565	True	ported
ITEM6_STRAT	$08d5ff	True	ported
ITEM7_STRAT	$08ddfb	True	ported
ITEM3_ISTRAT	$08d6d7	True	ported
ITEM4_ISTRAT	$08e037	True	ported
ITEM5_ISTRAT	$08d54e	True	ported
DOOR1CLOSEWAIT_INIT	$08aeb6	True	ported
ITEM6_ISTRAT	$08d5e8	True	ported
ITEMTORANGE_SROU	$08e2e4	True	ported
ITEM7_ISTRAT	$08dde4	True	ported
DOOR1OPENWAIT_STRAT	$08ae2e	True	ported
DOOR1OPENWAIT_INIT	$08ae1a	True	ported
DOOR1_ISTRAT	$08ae07	True	ported
DOOR_L	$0f8000	True	ported
MDRAWSOLIDBOX	$01b063	True	render_dma
MDRAWUVLIST	$01bb0b	True	render_dma
MDRAWTSPHERE	$01b817	True	render_dma
MDRAWSPRITE32	$01cc06	True	render_dma
MDRAWUVLISTX	$01bb28	True	render_dma
MDRAWBOX	$01b07c	True	ported
MDRAWHUD	$01d77b	True	render_dma
MDRAWTPOLY	$01a3b6	True	render_dma
MDRAWHORZLINE	$01b09f	True	render_dma
MDRAWTSPHERESTART	$01b9fc	True	render_dma
MDRAWDUST	$01aa32	True	render_dma
MDRAWLOOP	$01acaa	True	render_dma
MDRAWPOLY	$01a66f	True	render_dma
MDRAWHUDLINE	$01d838	True	render_dma
MDRAWBOSSHP	$01affd	True	ported
MDRAWSPHERE	$01b817	True	render_dma
HMISSILE1_ISTRAT	$21926c	True	ported
HMISSILE2_ISTRAT	$21941d	True	ported
HMISSILE3_ISTRAT	$219592	True	ported
HMISSILE1_STRAT	$2192cd	True	ported
HMISSILE2_STRAT	$219482	True	ported
HMISSILE3_STRAT	$2195f3	True	ported
COUNT_SHAPES_L	$1fc97b	True	other
YHOMING_ISTRAT	$219ba8	True	ported
YHOMING_STRAT	$219bcc	True	ported
PELASER_STRAT	$21a1f7	True	ported
PELASER_ISTRAT	$21a18c	True	ported
PELASERCOLLIDE_ISTRAT	$218785	True	ported
PELASER2DIE_ISTRAT	$21a21f	True	ported
FIREFACE_B	$00b96b	True	structural
FIREFACE1_B	$00b987	True	structural
FIREBREATH	$00958c	True	ported
FIRE_IRONBALL4	$2098c4	True	ported
FIRE	$0095a8	True	ported
FIREBALL	$0095fc	True	ported
FIRE_BONFIRE	$2097a5	True	ported
FIREBALL_C	$038560	True	structural
FIREBALL_A1	$038710	True	structural
FIRE_C	$038558	True	structural
FRIENDS_MESSAGES_L	$03de03	True	ported
FIRE_A1	$03875c	True	structural
FIRE_WEAPON_L	$1fd15e	True	ported
FRIEND_INIT	$04d8bc	True	ported
FIRE_PLAYERBEAM	$21a84a	True	ported
FIRE_STBHMISSILE1	$21b326	True	ported
FIRE_REBELASER	$21a939	True	ported
FIRE_FRIENDELASER	$21a8c1	True	ported
FIRE_RELSLOWELASER	$21ae63	True	ported
FIRE_RELBEAMBALL	$21a9c0	True	ported
FIRE_PLASMA	$21a9c0	True	ported
FIRE_ISTRAT	$218df2	True	ported
FIRE_RELSLOWELASERHOME	$21aee3	True	ported
FIRE_HPLASMA	$21ad55	True	ported
FIRE_SPREAD	$21b4e9	True	ported
FIRE_NUKE	$21a784	True	ported
FIRE_YHPLASMA	$21add8	True	ported
FIRE_QHMISSILE1	$21b39b	True	ported
FIRE_KAMIHMISSILE1	$21b242	True	ported
FIRE_RELOVALBEAM	$21aac6	True	ported
FIRE_SHORTPLASMA	$21acd2	True	ported
FIRE_BEAMBALL	$21aa43	True	ported
FIRE_FAKEFARHMISSILE1	$21b05f	True	ported
FIRE_SLOWELASER	$21afe5	True	ported
FIRE_STRAT	$218e04	True	ported
FIRE_RELFASTELASER	$21af63	True	ported
FIRE_MISSILE1	$21b47f	True	ported
FIRE_MISSILE2	$21b40d	True	ported
FIRE_RINGLASER	$21ac4f	True	ported
FIRE_HMISSILE1	$21b0e0	True	ported
FIRE_CHICKHMISSILE1	$21b2b4	True	ported
FIRE_BOSSHMISSILE1	$21b1f8	True	ported
FIRE_HMISSILE2	$21b186	True	ported
FIRE_BOSSHMISSILE2	$21b21d	True	ported
FIRE_OVALBEAM	$21abcc	True	ported
FIRE_ELASER	$21a7e5	True	ported
FIRE_RELRINGLASER	$21ab49	True	ported
FRIENDSTART3GO_STRAT	$07808e	True	ported
FRIENDSTART3_ISTRAT	$078069	True	ported
FRIENDEXITBASE_ISTRAT	$078133	True	ported
FRIENDKILL_ISTRAT	$07812f	True	ported
FRIENDEXITBASE_STRAT	$07815a	True	ported
FRIEND1_STRAT	$08a60e	True	ported
FRIEND2_STRAT	$08a6ff	True	ported
FRIEND02_INIT	$08ab8d	True	ported
FRIEND02_STRAT	$08ab9a	True	ported
FRIEND0_ISTRAT	$08ab2f	True	ported
FRIEND0_CONT	$08ac6c	True	ported
FRIEND1_ISTRAT	$08a5e2	True	ported
FRIEND2_ISTRAT	$08a6d3	True	ported
FRIEND0_STRAT	$08ab79	True	ported
FIRERINGLASER_L	$09d51e	True	ported
FIRENORMRINGLASER_L	$09d4eb	True	ported
FIREBREATHE2_ISTRAT	$09be97	True	ported
FIREBREATHE_ISTRAT	$09be93	True	ported
FIRE_IRONBALL2	$09f418	True	ported
FIRE_IRONBALL3	$09f499	True	ported
FIRE_IRONBALL	$09f386	True	ported
FIREPILLAR_STRAT	$0adb21	True	ported
FIREPILLAR_ISTRAT	$0adabe	True	ported
FIREFACE_B	$0f8000	True	structural
FIREFACE1_B	$0f8000	True	structural
FIREBREATH	$11edb4	True	ported
FIREFACE_B_F	$0fe24b	True	structural
FIREFACE_B_P	$0fe23c	True	structural
FIREFACE_B_F1	$0fe25f	True	structural
FIRE	$11edb4	True	ported
FIREBALL	$11edb4	True	ported
VIEWLB3MOVE_SROU	$06a590	True	ported
VIEWDIVEGND_ISTRAT	$069484	True	ported
VIEWOUTOFLB1_ISTRAT	$069ab9	True	ported
VIEWOUTOFLB3_ISTRAT	$06a04a	True	ported
VIEWDIVEGND_STRAT	$0694c0	True	ported
VIEWOUTOFLB1_STRAT	$069af8	True	ported
VIEWOUTOFLB3_STRAT	$06a06d	True	ported
VIEWINTOLB1_ISTRAT	$0783a5	True	ported
VIEWINTOLB1_STRAT	$0783ed	True	ported
VIEWOPENING_ISTRAT	$07873b	True	ported
VIEWOPENING_STRAT	$07878e	True	ported
VIEWMOVE_SROU	$0bd085	True	ported
SCREENOFF_L	$02f46a	True	ported
SFISH_STRAT	$0aea6e	True	ported
SFISH_ISTRAT	$0ae9e0	True	ported
SNDTBL	$24899f	True	ported
N3DVECS_L	$1fc436	True	ported
WOODSEXP_ISTRAT	$08b92d	True	ported
WOODS_ISTRAT	$08b7b9	True	ported
WOODSGO_STRAT	$08b838	True	ported
WOODSGO_INIT	$08b80b	True	ported
WOODS_STRAT	$08b7ee	True	ported
EXITSPEC.WHITE	$02e055	True	ported
EXITSPEC.DOFADEDOWN	$02e047	True	other
FLOAT64_SROU_L	$21b804	True	ported
FLOAT256_SROU_L	$21b742	True	other
RELELASERHOME_ISTRAT	$219ef6	True	ported
RELELASER_STRAT	$219eb8	True	ported
FLOATCLSHIP_L	$06ac0e	True	ported
FLOUT_SROU	$21b922	True	other
RELELASER_ISTRAT	$219e5e	True	ported
FLOATCLSHIP2_L	$06ac6e	True	ported
FLOAT32_SROU_L	$21b880	True	other
FLOAT128_SROU_L	$21b79a	True	other
FLOAT_CONT	$21b90b	True	other
RELELASERHOME_STRAT	$219f25	True	ported
RELFLATMISS_ISTRAT	$219c20	True	ported
RELFLATMISS_STRAT	$219c4d	True	ported
EXITOPENSND_ISTRAT	$08f208	True	ported
EXIT_ISTRAT	$08f14d	True	ported
EXITOPEN_STRAT	$08f235	True	ported
EXITLIGHTA_STRAT	$08f1c2	True	ported
EXITLIGHTB_STRAT	$08f1ec	True	ported
EXITOPEN_ISTRAT	$08f20e	True	ported
EXITLIGHT1_ISTRAT	$08f183	True	ported
EXITLIGHT_INIT	$08f1af	True	ported
EXITLIGHT2_ISTRAT	$08f18b	True	ported
EXITLIGHT3_ISTRAT	$08f193	True	ported
EXITLIGHTA_INIT	$08f1b5	True	ported
EXITLIGHTB_INIT	$08f1d4	True	ported
EXITLIGHT4_ISTRAT	$08f19b	True	ported
EXITLIGHT5_ISTRAT	$08f1a3	True	ported
EXITLIGHT6_ISTRAT	$08f1ab	True	ported
EXITCOLL_ISTRAT	$08f148	True	ported
EXITOPENSND2_ISTRAT	$08f1ff	True	ported
SOKUTEN_ISTRAT	$08cfe0	True	ported
SOKUTEN_STRAT	$08d001	True	ported
FNMI_L	$1fbff3	True	structural
WLDIE_ISTRAT	$08d6ac	True	ported
CL_CHASE	$05d778	True	ported
CL_SHIP_CONT	$05d48c	True	ported
PENDCOLB_ISTRAT	$0baf8e	True	ported
PENDCOLRW_ISTRAT	$0bb4b7	True	ported
PENDCOLLW_ISTRAT	$0bb20d	True	ported
INIT_SPRITES_L	$03cef4	True	render_dma
INITFADEWHITE2NORM_L	$02fa32	True	ported
INIT3D_L	$03ad40	True	other
INITGAME_L	$02debd	True	other
INITSCREEN_L	$02ed09	True	other
INITGAME3D_L	$02df86	True	other
INIT_OBJVARS_L	$1fd386	True	ported
INITPLANETS_L	$03b2c1	True	ported
INITBLACK_L	$02f8b9	True	ported
INITIALISE_L	$02de57	True	ported
INITWMAT_L	$03adca	True	other
INITMARIO3D_L	$03ad85	True	other
INIT_STRATS_L	$2181cc	True	ported
INITGAME_STRATS_L	$218000	True	ported
RIGHTWALL_ISTRAT	$09f75f	True	ported
CRUISER1_CONT	$0ab820	True	ported
CRUISER2FIRE_ISTRAT	$0aaf20	True	ported
CRUISER1_STRAT	$0ab762	True	ported
CRUISER2_STRAT	$0ab0be	True	ported
CRUISER2LAUNCHER_STRAT	$0ab0f2	True	ported
CRUISER1_ISTRAT	$0ab719	True	ported
CRUISER2_ISTRAT	$0ab014	True	ported
CRUISER2LAUNCHER_ISTRAT	$0ab0d9	True	ported
CRUISER2FIRE_STRAT	$0ab047	True	ported
INITMEM_L	$0af922	True	other
CRUISER1F_ISTRAT	$0ab71f	True	ported
CRUISER1FALL_ISTRAT	$0ab83b	True	ported
CRUISER1FALL_STRAT	$0ab85e	True	ported
DOSOUNDS_L	$248d16	True	ported
SELECT_SHIP_L	$218184	True	ported
LSEQDOOR1_ISTRAT	$06959e	True	ported
LSEQDOOR2_ISTRAT	$069604	True	ported
SDOOR1_STRAT	$0ab522	True	ported
SDOOR2_STRAT	$0ab61d	True	ported
SDOOR1_ISTRAT	$0ab502	True	ported
SDOOR2_ISTRAT	$0ab5f5	True	ported
MM_STRAT	$00800b	True	structural
HYPERSPACEOUT_STRAT	$0b8b4e	True	ported
HYPERSPACE_ISTRAT	$0b8b94	True	ported
HYPERSPACEOUT_ISTRAT	$0b8b34	True	ported
PHITFLASH_ISTRAT	$0be622	True	ported
HYPER_ISTRAT	$0b8cd0	True	ported
HYPERSPACE_STRAT	$0b8baa	True	ported
REMOVEDEADAL_L	$1fbff4	True	ported
REMOVEDEADAL	$1fbff8	True	ported
REMOVENUKE_ISTRAT	$21a322	True	ported
REMOVE_ISTRAT	$218d14	True	ported
REMOVE_STRAT	$218d14	True	ported
REMOVE_ALPTRS_L	$09a3e1	True	ported
UNDRAWPLANETLINES_L	$03c140	True	render_dma
NUKEEXP_ISTRAT	$21a332	True	ported
NUKEEXP_STRAT	$21a373	True	ported
NUKE_ISTRAT	$21a241	True	ported
NUKE_STRAT	$21a2b4	True	ported
KILL_LIST_L	$02f02c	True	ported
KILL_ISTRAT	$218d09	True	ported
KILL_STRAT	$218d09	True	ported
KILL_ALPTR_LIST_Y_L	$09c0dc	True	ported
KILL_ROBOT_L	$09b1da	True	ported
SUCKOBJ_SROU	$07eb47	True	ported
SUCKBITS_CONT	$07ec01	True	ported
SUCKBITS_ISTRAT	$07ebe4	True	ported
SUCKOBJFAST_SROU	$07eb80	True	ported
SUCKCUBE_ISTRAT	$07ebbd	True	ported
SUCKBITS_STRAT	$07ec01	True	ported
SUCKCUBE_STRAT	$07ebda	True	ported
TELEPORTER_ISTRAT	$2096d0	True	ported
OPEN_L	$00a36f	True	ported
OPENLR_STRAT	$0af10f	True	ported
OPENLRCOL_ISTRAT	$0af161	True	ported
OPENLR_ISTRAT	$0af0e0	True	ported
OPEN_L	$0c8000	True	ported
MULS816LOG16_L	$02f7d3	True	ported
NOFIRE2_AGGV	$0986c3	True	structural
NOFIRE_AGGV	$0986c3	True	structural
WIPE_INIT	$02ddd0	True	other
PEPPERFADE	$7ef14e	True	other
METEOR_ISTRAT.IN	$09939c	True	ported
METEOR_ISTRAT2	$099350	True	ported
METEOR_ISTRAT3	$0993f0	True	ported
METEOR_STRAT	$099412	True	ported
METEOR_ISTRAT	$099383	True	ported
METEOREXP_ISTRAT	$099451	True	ported
METEORCOL_ISTRAT	$099439	True	ported
METEO0_ISTRAT	$0add00	True	ported
ROTPROJ_L	$03d067	True	ported
ROTATE_8XZ_L	$1fc993	True	ported
ROTATE_8YX_L	$1fcc90	True	ported
ROTATE_8YZ_L	$1fcb13	True	ported
ROTATE_16XZ_L	$1fce08	True	math_helper
ROTATE_16YZ_L	$1fce9c	True	math_helper
ROTSFLATSTAY_ISTRAT	$218d62	True	ported
TORPEDO_ISTRAT	$08c76f	True	ported
TORPEDO_STRAT	$08c7a1	True	ported
TORPEDOA_STRAT	$08c841	True	ported
TORPEDOA_INIT	$08c819	True	ported
TORPEDO_CONT	$08c7fe	True	ported
ROTPOS_ALLCHILDREN_L	$09e114	True	ported
VELVECS_L	$1fc0b9	True	ported
VEL3VECS_L	$1fc262	True	ported
SEND_MESSAGE_L	$03ddac	True	ported
UPDATE_OBJECTS_L	$03e15b	True	ported
UPDATEENGINE_SROU_L	$2191e1	True	ported
UPDOOR_ISTRAT	$0af171	True	ported
UPDOOR_STRAT	$0af1a0	True	ported
UPDOORCOL_ISTRAT	$0af20c	True	ported
DUPPLAYER_L	$0bea50	True	ported
SHIPLB1YCHASE_SROU	$06973c	True	ported
SHIPLB1_ISTRAT	$06969b	True	ported
SHIPOUTOFLB3_ISTRAT	$069cc2	True	ported
SHIP0CDOWN_ISTRAT	$06ab2a	True	ported
SHIPOUTOFLB3_STRAT	$069cd9	True	ported
SHIP0CDOWN_STRAT	$06ab45	True	ported
SHIPINTRO_ISTRAT	$07866f	True	ported
SHIPINTRO_STRAT	$0786a9	True	ported
SHIP2OUTSIDE_STRAT	$089ef4	True	ported
SHIP1A_ISTRAT	$08a37e	True	ported
SHIP1A_STRAT	$08a3cb	True	ported
SHIP1AEXP_ISTRAT	$08a4cc	True	ported
SHIP3A_STRAT	$08a15a	True	ported
SHIP3B_STRAT	$08a211	True	ported
SHIP1COL_ISTRAT	$08a4d6	True	ported
SHIP3C_STRAT	$08a247	True	ported
SHIP2INTO_STRAT	$089f51	True	ported
SHIP1A_CONT	$08a4c3	True	ported
SHIP3C_INIT	$08a227	True	ported
SHIP2INTO_INIT	$089f3c	True	ported
SHIP1_ISTRAT	$08a50d	True	ported
SHIP2_ISTRAT	$089e17	True	ported
SHIP2FIRE_CONT	$089ed6	True	ported
SHIP3_ISTRAT	$08a02d	True	ported
SHIP2_CONT	$089ed6	True	ported
SHIP1_STRAT	$08a544	True	ported
SHIP3_CONT	$08a1a2	True	ported
SHIP2_STRAT	$089e63	True	ported
SHIP2OUTSIDE_INIT	$089edf	True	ported
SHIP3_STRAT	$08a06f	True	ported
SDRAGONFLY_STRAT	$0acd99	True	ported
SHIP3A_ISTRAT	$0acc05	True	ported
SHIPS_ISTRAT	$0ab2fc	True	ported
SDRAGONFLY_ISTRAT	$0acd6c	True	ported
SHIPS_STRAT	$0ab313	True	ported
SLOWMETEOR_ISTRAT	$099333	True	ported
SPREAD_STRAT	$21a449	True	ported
SPREADA_INIT	$21a471	True	ported
SPREAD_ISTRAT	$21a41a	True	ported
SPROUTY.WITHDRAW_I	$09a036	True	render_dma
SPROUT2_ISTRAT	$099c79	True	ported
SPROUTT_ISTRAT	$099c2d	True	ported
SPROUT_ISTRAT	$099c37	True	ported
TRUCK_CONT	$08be81	True	ported
TRUCKCOL_ISTRAT	$08bf1d	True	ported
TRUCK_STRAT	$08be78	True	ported
TRUCK_ISTRAT	$08be24	True	ported
TRUCKLAUNCH_ISTRAT	$09d32b	True	ported
TRUCK1_ISTRAT	$0ae5ad	True	ported
TRUCK2_ISTRAT	$0ae5ed	True	ported
TRUCK1_STRAT	$0ae5dc	True	ported
TRUCK2_STRAT	$0ae620	True	ported
HITWALLSOUND_L	$24912e	True	ported
PERC62A_L	$1fd4c0	True	other
PERC56A_L	$1fd4aa	True	other
PERC75A_L	$1fd4d2	True	other
PERC93A_L	$1fd4f7	True	ported
PERC87A_L	$1fd4e0	True	other
HOLDCHECK	$04e3ba	True	structural
PREMOVE	$04e9e3	True	ported
LEXPLODE_STRAT	$06ba7c	True	ported
HITFLASHMEXP_ISTRAT	$21894a	True	ported
HITFLASHSEXP_ISTRAT	$21895c	True	ported
HITFLASHBOSSD_ISTRAT	$21891d	True	ported
HITFLASH_ISTRAT.ICONT	$2189cf	True	ported
HITFLASH_ISTRAT.NOCOL	$218a07	True	ported
HITFLASH_ISTRAT	$2189a5	True	ported
HITFLASHLEXP_ISTRAT	$21896e	True	ported
IRIS_1_ISTRAT	$209b01	True	ported
IRIS_STRAT	$09957b	True	ported
IRIS_ISTRAT	$099525	True	ported
M8_STRAT	$008006	True	structural
NULL_STRAT	$218b95	True	ported
SEPARATEMISSILE_L	$24922e	True	ported
SPEEDLINES_ISTRAT	$09b22a	True	ported
NVELVECS_L	$1fc18d	True	math_helper
NVECS_L	$1fc18f	True	math_helper
NVEL3VECS_L	$1fc42a	True	math_helper
TITLESEQ_L	$1ff99f	True	other
TIT_STRAT	$1ffaed	True	ported
TIT_ISTRAT	$1ffad4	True	ported
OOPSHDMA	$1fde2f	True	render_dma
HOMINGFLAT_ISTRAT	$219a5d	True	ported
HOMINGFLAT_STRAT	$219a80	True	ported
ROUTECHANGEBHOLE1_L	$03c619	True	ported
ROUTECHANGEBHOLE2_L	$03c624	True	ported
ROUTECHANGEBHOLE3_L	$03c62f	True	ported
ROUTECHANGE1_L	$03c5f4	True	ported
ROUTECHANGE2_L	$03c603	True	ported
ROUTECHANGE3_L	$03c60e	True	ported
SPLASH_STRAT	$218cb8	True	ported
SPLASH_ISTRAT	$218c99	True	ported
LSPARK_ISTRAT	$0bac07	True	ported
LSPARK_STRAT	$0bac1c	True	ported
LSPARK_CONT	$0bac35	True	ported
STOPEXPLODE_ISTRAT	$06b727	True	ported
NEWOBJS_L	$03e17e	True	ported
MD_STRAT	$008009	True	structural
UP1MAN_ISTRAT	$08d852	True	ported
UP1MAN_STRAT	$08d915	True	ported
UP1MANCHILD_STRAT	$08da8c	True	ported
UP1MANCHILD1_ISTRAT	$08d9cf	True	ported
UP1MANCHILD2_ISTRAT	$08da0e	True	ported
UP1MANCHILD3_ISTRAT	$08da4d	True	ported
UP1MANHIT_ISTRAT	$08d996	True	ported
FRONTVECS_L	$1fc6d0	True	ported
MGRDRAWDOTRTS	$01a7c3	True	render_dma
MGRDRAWDOT1	$01a80a	True	render_dma
MGRDRAWDOT3	$01a85d	True	render_dma
MGRDRAWDOT4	$01a861	True	render_dma
MGRDRAWDOT	$01a7fe	True	render_dma
MINITDUST_L	$03b1f7	True	other
MINE1_ISTRAT	$08d23f	True	ported
MINUMUSI_ISTRAT	$08d240	True	ported
MINE0_STRAT	$099681	True	ported
MINE0_ISTRAT	$09965c	True	ported
MINE2_ISTRAT	$0ae677	True	ported
MINE2_STRAT	$0ae6c1	True	ported
MINE2EXPNOFIRE_ISTRAT	$0ae7e4	True	ported
MINE2EXP_ISTRAT	$0ae702	True	ported
WHITE_C	$03800c	True	structural
SMOKEP_STRAT	$218fa9	True	ported
SMOKEP_ISTRAT	$218f74	True	ported
PTRN_RING.TRN_ROT1	$04a503	True	structural
WIREMANUP_STRAT	$08d3d4	True	ported
WIREMAN_ISTRAT	$08d241	True	ported
WIREMAN_STRAT	$08d27a	True	ported
WIREMAN2X_STRAT	$08d3a2	True	ported
WIREMAN2YR_STRAT	$08d387	True	ported
WIREMAN2_INIT	$08d329	True	ported
WIREMANDIE_ISTRAT	$08d3e1	True	ported
WIREMAN2YL_STRAT	$08d36c	True	ported
WIREMANUP_INIT	$08d3b6	True	ported
WIREMAN_CONT2	$08d30e	True	ported
WIREMAN_CONT	$08d2ff	True	ported
WIREMAN_INIT	$08d24f	True	ported
UPERM_STRAT	$0ac299	True	ported
UPERM_ISTRAT	$0ac243	True	ported
RESET_SPRITES_L	$03cfad	True	render_dma
RESTART_L	$099910	True	ported
SR16_ACHASE_ALVAR1	$1fd654	True	ported
SR16_ACHASE_ALVAR2	$1fd687	True	ported
SR16_ACHASE_ALVAR3	$1fd6c3	True	ported
SR16_ACHASE_ALVAR4	$1fd708	True	ported
SR16_ACHASE_ALVAR5	$1fd756	True	ported
SR16_ACHASE_ALVAR6	$1fd7ad	True	ported
SR16_ACHASE_ALVAR7	$1fd80d	True	ported
XFLYTOPOS_L	$21b937	True	other
PILLAR3EXPLODE_ISTRAT	$06bda5	True	ported
PILLAREXPLODE_ISTRAT	$06bdae	True	ported
PILLAR3_ISTRAT	$098aa0	True	ported
PILLAR3STAY_STRAT	$098bc1	True	ported
PILLAR3STAY_ISTRAT	$098ba2	True	ported
PILLAR2_STRAT	$0997d0	True	ported
PILLAR3_STRAT	$098acf	True	ported
PILLAR2_ISTRAT	$0997b3	True	ported
PILLAR3FALL_STRAT	$098b8c	True	ported
PILLAR3F_ISTRAT	$0a90e5	True	ported
PILLAR3FFALL_STRAT	$0a91e3	True	ported
PILLAR3FSTAY_ISTRAT	$0a91f9	True	ported
PILLAR3F_STRAT	$0a9106	True	ported
QHMISSILE1_ISTRAT	$2199cd	True	ported
QHMISSILE1_STRAT	$2199ea	True	ported
TUNNEL_ISTRAT	$08e318	True	ported
TUNNELA2_STRAT	$099505	True	ported
TUNNELA_ISTRAT	$0994c0	True	ported
TUNNELA_STRAT	$0994e0	True	ported
FLYINGFISH_ISTRAT	$209b08	True	ported
FLYINLEFT_SROU	$068000	True	ported
FLYINRIGHT_SROU	$06807e	True	ported
FLYPILLARS_ISTRAT	$08d06d	True	ported
FLYPILLAR_STRAT	$08d11d	True	ported
FLYPILLAR_ISTRAT	$08d09d	True	ported
FLY_STRAT	$0981ab	True	ported
FLYDEAD_STRAT	$098647	True	ported
FLYHITGND_ISTRAT	$09866c	True	ported
FLYHITGND_STRAT	$09869c	True	ported
FLYLR_ISTRAT	$0981eb	True	ported
TREE1_ISTRAT	$099b33	True	ported
TREE2_ISTRAT	$099a74	True	ported
TREE3_ISTRAT	$099a6c	True	ported
FLYR_ISTRAT	$098211	True	ported
FLY2_ISTRAT	$09835a	True	ported
TREE1_ISTRAT2	$099b76	True	ported
FLY3_ISTRAT	$0984cc	True	ported
FLY4_ISTRAT	$0985b8	True	ported
TREE2_ISTRAT2	$099ae4	True	ported
FLYR_STRAT	$098224	True	ported
FLY2_STRAT	$098367	True	ported
FLY3_STRAT	$0984e6	True	ported
FLY_ISTRAT	$098151	True	ported
FLY4_STRAT	$0985d3	True	ported
FLYDEAD_ISTRAT	$098636	True	ported
MOTHER1_ISTRAT	$04f5d3	True	ported
MOTHER2_ISTRAT	$04f62d	True	ported
DO_CIRCLE_EXPLOSION_L	$02d93c	True	other
DO_BGM_INIT	$24881e	True	audio
DO_SPRITES_L	$03cf63	True	ported
DO_COLL_L	$1fd252	True	ported
DO_HPOSITIONS_L	$02d822	True	render_dma
DO_BGM_CONTINUE	$248952	True	audio
DO_WINDOW_WIPE_L	$02ddfa	True	other
DO_STRAT_L	$1fd283	True	ported
IMPLODE_STRAT	$06b317	True	ported
IMPLODE_ISTRAT	$06b2f1	True	ported
SKILLFLY_ISTRAT	$09f852	True	ported
SOUND5LEN	$009424	True	audio
SOUND0	$188000	True	ported
SOUND1	$18a8c2	True	ported
SOUND4	$19ffb2	True	ported
SOUND5	$1a927e	True	ported
SOUND6	$1ba6a2	True	ported
GROUNDPILON_ISTRAT	$0af79a	True	ported
GROUNDPILON_STRAT	$0af7b7	True	ported
SETINIDISP1_L	$02f442	True	other
SETGAMEPAL_L	$02eff5	True	render_dma
SETCHARMAPFROMMAP_L	$02eede	True	ported
SETFADEDOWNDO	$03e640	True	other
SETBGINFOREQ_L	$03e3ff	True	other
SETCHARMAPGAME_L	$02eeeb	True	map_menu
SETOBJTOBECHILDXY_SROU	$1fdc6d	True	other
SETOBJTOBECHILDYX_SROU	$1fdc58	True	other
SETRESTARTFADE_L	$03e36d	True	other
SETPORT3_L	$2492a6	True	ported
SETCHARMAPPLAN_L	$03c505	True	map_menu
SETNOCLASH_L	$02f453	True	other
SETBOSS_L	$1fe43a	True	ported
SET_NORMCOLLPTRSX_L	$1fd432	True	other
SET_0COLLPTRSX_L	$1fd468	True	other
SET_NORMCOLLPTRSY_L	$1fd44d	True	other
SET_0COLLPTRSY_L	$1fd47c	True	other
SETUPPLANETPAL_L	$03c053	True	render_dma
SETFADEQUPDO	$03e64c	True	other
SETCHARMAPFOX_L	$03dc93	True	map_menu
SETPAL_L	$02efc7	True	render_dma
SETFADEUPDO	$03e634	True	other
SETBG_L	$03e935	True	other
SETFADEQDOWNDO	$03e658	True	other
SETBGINFO_L	$03e3f5	True	ported
SETUP_PLANETS_L	$03c227	True	other
SETBLACK_L	$02f8e7	True	ported
SETYPLAYERSHAPE_L	$218104	True	ported
SETOUTEXP_SROU	$06b07d	True	ported
SET_RESTART_POSITION_L	$0998c7	True	other
SET_PLAYERTOCSLOW_L	$0baaa1	True	ported
SET_PLAYERONPLANET_L	$0bbaf1	True	ported
SET_PLAYERCLEARCOLONY_L	$0baa0f	True	ported
SET_PLAYERINCOLONY_L	$0bc55b	True	ported
SET_PLAYERINSTEXIT_L	$0bc2c4	True	ported
SET_PLAYERCLEARSHIP_L	$0b97ea	True	ported
SET_PLAYEROUTOFLB1_L	$0ba514	True	ported
SET_PLAYEROUTOFLB2_L	$0ba6a2	True	ported
SET_PLAYEROUTOFLB3_L	$0ba8e6	True	ported
SET_PLAYERCLEARTURN_L	$0b9d55	True	ported
SET_PLAYERCLEARSHIP2_L	$0b9ac0	True	ported
SET_PLAYERONBRIDGE_L	$0bbe4b	True	ported
SET_PLAYERTURN180_L	$0bc7f9	True	ported
SET_PLAYERCLEARUNDER_L	$0ba112	True	ported
SET_PLAYERCRED_L	$0bb553	True	ported
SET_PLAYERDIVE_L	$0b9e3e	True	ported
SET_PLAYERINNUCLEUS_L	$0bc686	True	ported
SET_PLAYEROUTOFLB2A_L	$0ba636	True	ported
SET_PLAYERTUNNELTOONPLANET_L	$0b87fb	True	ported
SET_PLAYEREXITBASE_L	$0b8ec1	True	ported
SET_PLAYEROUTOFCOCK_L	$0bcc7e	True	ported
SET_PLAYERINSTUNNEL_L	$0bc027	True	ported
SET_PLAYERONWATER_L	$0bbd29	True	ported
SET_PLAYERINLTEXIT_L	$0bc470	True	ported
SET_PLAYERWARP_L	$0ba21c	True	ported
SET_PLAYERESCAPENUCLEUS_L	$0b942b	True	ported
SET_PLAYERINMTEXIT_L	$0bc39a	True	ported
SET_PLAYERINLTUNNEL_L	$0bc1cb	True	ported
SET_PLAYERWASHENT_L	$0baa58	True	ported
SET_PLAYERUNDERGND_L	$0bbc12	True	ported
SET_PLAYERCLEARCHASE_L	$0b9f24	True	ported
SET_PLAYERINSPACE_L	$0bb86f	True	ported
SET_PLAYERCLEARBRIDGE_L	$0b933b	True	ported
SET_PLAYERINMTUNNEL_L	$0bc0f9	True	ported
SET_PLAYERCLEAREARTH_L	$0b9719	True	ported
SET_PLAYERINTOCOCK_L	$0bc880	True	ported
SET_PLAYERINTOLB1_L	$0b9247	True	ported
SET_PLAYERCLEARDEMO_L	$0b954c	True	ported
SET_PLAYERDIVEGND_L	$0b8d05	True	ported
SET_PLAYERWARPOUT_L	$0b895c	True	ported
SMPULL_L	$0afc1c	True	other
SMPUSH_L	$0afbbf	True	other
VOLROCK_ISTRAT	$0ad9bc	True	ported
VOLPLASMA_STRAT	$0ad8d6	True	ported
VOLPLASMA_ISTRAT	$0ad883	True	ported
VOLROCK_STRAT	$0ada51	True	ported
VOLCANO_ISTRAT	$0ad763	True	ported
VOLROCKDOWN_ISTRAT	$0adbe5	True	ported
VOLCANO_STRAT	$0ad7c1	True	ported
VOLROCKDOWN_STRAT	$0adc27	True	ported
EXPLODE2_C	$038538	True	structural
EXPLODE3_C	$03853a	True	structural
EXPLODE_A1	$038837	True	structural
EXPLODE_A2	$038840	True	structural
EXPLODE_A3	$038851	True	structural
EXPLODE_C	$038536	True	structural
PEXPLODEPARTICLES	$04e9dd	True	ported
PEXPLODE	$04e9e2	True	ported
EXPLODE_STRAT	$06baa6	True	ported
EXPLODEBIGPARTS_ISTRAT	$06b6fd	True	ported
EXPPIECEEXP_ISTRAT	$06b6ee	True	ported
EXPLODEDEBRIS_ISTRAT	$06b4d3	True	ported
EXPLODEGATE2_ISTRAT	$06bd4c	True	ported
EXPPIECE_ISTRAT	$06b659	True	ported
EXPSPIECE_ISTRAT	$06b603	True	ported
EXPLODE_ICONT	$06b7ae	True	ported
EXPLODE_ISTRAT	$06b758	True	ported
EXPLODE_END	$06bac1	True	ported
EXPSPIECE_STRAT	$06b62c	True	ported
EXPPIECE_STRAT	$06b6af	True	ported
EXPLODEDEBRIS_ICONT	$06b4fa	True	ported
PEXPLODE_ISTRAT	$0be626	True	ported
MO_STRAT	$05800b	True	structural
MSH_ROTPOINTS8	$018938	True	ported
MSH_ROTPOINTS16	$018709	True	ported
MSH_ROTPOINTSX8	$0189af	True	ported
MSHOWOBJEXIT_NOTDRAWN	$018ecb	True	render_dma
MSH_ROTPOINTSX16	$018790	True	ported
MSH_ROTPOINTS8_16	$01881f	True	ported
MSH_ROTPOINTSX8_16	$0188af	True	ported
MSHOWGRID_L	$03b009	True	other
MSHOWDUST_L	$03b207	True	other
VOFSOFFPLEASE_L	$03e88c	True	audio
VOFSONPLEASE_L	$03e865	True	audio
PUFF_ISTRAT	$218f03	True	ported
PUFF_STRAT	$218f31	True	ported
